[
    {
        "Product Name": "One94Store 3D Deer Crystal Globe Lamp Creative Engraved Crystal Ball Night Light USB Table LED Wooden Crystal Ball for Home Office Decoration Birthday Gift Adults (Deer 6cm)(Warm White)",
        "Product Price": "₹299.00",
        "BestSeller Rating": "#1",
        "SaleDiscount": "-70%",
        "ShipFrom": "Amazon",
        "SoldBy": "X4Cart",
        "Rating": "4.0",
        "ProductDescription": "About this item\nPackage Contain: 1x 3D Deer Crystal Desk Lamp, USB Cable, User Manual (Warm White Color)\nBase Size and Led: Base Size 7 cm with Wooden Touch, 5 led Warm White color with usb connection, Crystal Ball Size is 6 cm\nMaterial: The 3D Deer Forest Crystal Ball Night Light is made from high-quality crystal, safe and harmless to the human body. The night light comes with soft, uniform, non-flicker light. It is a practical kids night light for the bedroom.\nBeautiful Pattern: Design by 3D engraving technology, and the moon, galaxy, elk, the design is closely approaching really, which can be used as interior decoration lights and the atmosphere of the house\nIlluminating Crystal Ball Light: The 3D Crystal Ball is made of high-quality K10 crystal, which is more transparent and pure, free of bubbles and impurities.\n› See more product details",
        "NumberBought": "5K+",
        "AllAvailableImages": [
            "https://m.media-amazon.com/images/G/31/HomeCustomProduct/360_icon_73x73v2._CB485971317_SX38_SY50_CR,0,0,38,50_FMpng_RI_.png",
            "https://m.media-amazon.com/images/I/41-ZbZT52RL._SX38_SY50_CR,0,0,38,50_.jpg",
            "https://m.media-amazon.com/images/I/61S63tLBhOL._SX35_SY46._CR0,0,35,46_BG85,85,85_BR-120_PKdp-play-icon-overlay__.jpg",
            "https://m.media-amazon.com/images/I/41sDzJGxeDL._SX38_SY50_CR,0,0,38,50_.jpg",
            "https://m.media-amazon.com/images/I/41Qk-0vJqgL._SX38_SY50_CR,0,0,38,50_.jpg",
            "https://m.media-amazon.com/images/I/41nAcOYobYL._SX38_SY50_CR,0,0,38,50_.jpg",
            "https://m.media-amazon.com/images/I/411VbCm0MGL._SX38_SY50_CR,0,0,38,50_.jpg",
            "https://m.media-amazon.com/images/I/41oY4r3DngL._SX38_SY50_CR,0,0,38,50_.jpg"
        ]
    },
    {
        "Product Name": "ATOM Digital Kitchen Food Weighing Scale For Healthy Living, Home Baking, Cooking, Fitness & Balanced Diet. | 1 Year Warranty | 10Kg x 1gms with 2 Batteries Included, SF400/A121, Color May vary",
        "Product Price": "₹199.00",
        "BestSeller Rating": "#4",
        "SaleDiscount": "-67%",
        "ShipFrom": "Amazon",
        "SoldBy": "Clicktech Retail Private Ltd",
        "Rating": "3.9",
        "ProductDescription": "About this item\nPortable LCD Electronic Balance digital scale .Small and Light, Making it Convenient to Carry and Use.\nLCD back light, easy to read value at day and night\nConvenient weighing unit switch, data lock . Over load indication, auto power off after 120 seconds without any operation. Easy to Use.\nHIGH PRESICION STRAIN GUAGE SENSOR SYSTEM: The Kitchen scale equipped with high presicion strain gauge sensor system\nBATTERIES INCLUDED: The scale comes handy with ready to use 2*AAA Battery\nFEATURES: Low battery & Overload Indicators Product is specially desigened for the India\nDurable to use .\nColor - White, Used to weigh food items\n› See more product details",
        "NumberBought": "20K+",
        "AllAvailableImages": [
            "https://m.media-amazon.com/images/G/31/HomeCustomProduct/360_icon_73x73v2._CB485971317_SX38_SY50_CR,0,0,38,50_FMpng_RI_.png",
            "https://m.media-amazon.com/images/I/31JtxSMyIwL._SX38_SY50_CR,0,0,38,50_.jpg",
            "https://m.media-amazon.com/images/I/61fRlBbPupL._SX35_SY46._CR0,0,35,46_BG85,85,85_BR-120_PKdp-play-icon-overlay__.jpg",
            "https://m.media-amazon.com/images/I/41I6MmvsXdL._SX38_SY50_CR,0,0,38,50_.jpg",
            "https://m.media-amazon.com/images/I/51u+4c2yhGL._SX38_SY50_CR,0,0,38,50_.jpg",
            "https://m.media-amazon.com/images/I/51kpwcuNvuL._SX38_SY50_CR,0,0,38,50_.jpg",
            "https://m.media-amazon.com/images/I/41ukamrlHJL._SX38_SY50_CR,0,0,38,50_.jpg",
            "https://m.media-amazon.com/images/I/41s-JUkTuML._SX38_SY50_CR,0,0,38,50_.jpg"
        ]
    },
    {
        "Product Name": "Orient Electric Areva Portable Room Heater | 2000W | Two Heating Modes | Advanced Overheat Protection | Horizontal & Vertical Mount | 1-year replacement warranty by Orient | White",
        "Product Price": "₹1,499.00",
        "BestSeller Rating": "#6",
        "SaleDiscount": "-58%",
        "ShipFrom": "Amazon",
        "SoldBy": "RetailEZ Pvt Ltd",
        "Rating": "4.0",
        "ProductDescription": "About this item\nDesigned for a two-way, space-efficient placement: Mount this room heater horizontally for a blow of hot air in your direction while sitting, or vertically to direct the warm air precisely at your feet level.\n100% Copper motor for a long-lasting performance: Orient Electric’s portable room heater- Areva comes with a 100% Copper motor for a reliable performance.\n2300 RPM high-speed motor: For immediate spread of warmth throughout your room, this heater comes with a 2300 RPM high-speed motor.\nTwo adjustable heat settings: Combat the winter chills with the high heat mode or enjoy the warmth on mild winter days with the low heat mode. This heater comes with two heating elements of 1000W each, making Areva a perfect room blower for winter.\nEnjoy complete protection & long life with in-built safety features: The room heater for home is equipped with safety features for temperature control, preventing burnout of heating elements, protection against overheating and fire hazards.\nOne-year replacement warranty: This portable room heater comes protected against manufacturing defects with a one-year replacement warranty, thereby giving you the ultimate peace of mind.",
        "NumberBought": "30K+",
        "AllAvailableImages": [
            "https://m.media-amazon.com/images/G/31/HomeCustomProduct/imageBlock-360-thumbnail-icon-small._CB610490043_FMpng_RI_.png",
            "https://m.media-amazon.com/images/I/41024ttcJAL._SS100_.jpg",
            "https://m.media-amazon.com/images/I/51DCw15Fa9L.SS125_PKplay-button-mb-image-grid-small_.jpg",
            "https://m.media-amazon.com/images/I/410DytTCeYL._SS100_.jpg",
            "https://m.media-amazon.com/images/I/51Ewb7B1uVL._SS100_.jpg",
            "https://m.media-amazon.com/images/I/41mdfGTXPdL._SS100_.jpg",
            "https://m.media-amazon.com/images/I/41T0uadV0wL._SS100_.jpg",
            "https://m.media-amazon.com/images/I/41WdyJyhdmL._SS100_.jpg"
        ]
    },
    {
        "Product Name": "Zulaxy Photo Frame Hooks for Wall Without Drilling, 10 Pack Self Adhesive Hooks for Wall Heavy Duty Strong Nail Free for Hanging Photo Frame (Hanging Hook, Transparent) Stainless Steel",
        "Product Price": "₹274.00",
        "BestSeller Rating": "#7",
        "SaleDiscount": "-79%",
        "ShipFrom": "Amazon",
        "SoldBy": "Emarat Impex",
        "Rating": "3.8",
        "ProductDescription": "About this item\nPROUDLY MADE IN INDIA: The Zulaxy heavy quality Strong nail hook is proudly Made in India. The Zulaxy wall nail hooks has 33% more adhesion, so it is strong and lasts long.\nSTRONG & VERSATILE: Heavy duty hooks can hold up to 10 KG on smooth surface. These adhesive hooks can be used variously: coat hooks, key hooks, bathroom towel hooks.\nWATERPROOF AND RUSTPROOF: The Zulaxy adhesive hooks are built sturdy enough to hold college student backpacks. The heavy-duty hooks and durable stainless steel construction of non-magnetic metal are corrosion-free, meaning it will last bathroom without rusting.\nEASY TO USE: Wall hangers easily to clean and paste without surface damage, no need to nail and drill the wall, can be utilized repeatedly after cleaning and dry.\nUSE IT ANYWHERE: Widely used on a variety of surfaces, like Wood, Tile, Ceramic, Metal, Plastic Surface and more, especially great for for bathroom, kitchen, wall decor hooks, shower hooks indoor and outdoor hooks, towel hooks.",
        "NumberBought": "5K+",
        "AllAvailableImages": [
            "https://m.media-amazon.com/images/G/31/HomeCustomProduct/imageBlock-360-thumbnail-icon-small._CB610490043_FMpng_RI_.png",
            "https://m.media-amazon.com/images/I/41Bk5J3ittL._SS100_.jpg",
            "https://m.media-amazon.com/images/I/413SgD4K8mL.SS125_PKplay-button-mb-image-grid-small_.jpg",
            "https://m.media-amazon.com/images/I/41p+VsEtWaL._SS100_.jpg",
            "https://m.media-amazon.com/images/I/514eM6XWVwL._SS100_.jpg",
            "https://m.media-amazon.com/images/I/41ipXsJC5HL._SS100_.jpg",
            "https://m.media-amazon.com/images/I/41wXaORKHDL._SS100_.jpg",
            "https://m.media-amazon.com/images/I/51RAn9B1o9L._SS100_.jpg"
        ]
    },
    {
        "Product Name": "Pigeon by Stovekraft Amaze Plus Electric Kettle (14289) with Stainless Steel Body, 1.5 litre, used for boiling Water, making tea and coffee, instant noodles, soup etc. (Silver)",
        "Product Price": "₹599.00",
        "BestSeller Rating": "#8",
        "SaleDiscount": "-52%",
        "ShipFrom": "Amazon",
        "SoldBy": "RetailEZ Pvt Ltd",
        "Rating": "3.9",
        "ProductDescription": "About this item\nCLASSIC DESIGN: The classical mirror polish of the appearance makes your electric kettle unique and aesthetic, which can match any type of kitchen design and 360° swivel base is connected with standard power cord for safe usage and convenient storage\nCORDLESS POURING: The electric kettle can be easily lifts from its swivel base for easy filling at the sink and graceful serving without the hassle of a power cord; it can also be returned to its power source from any direction, great for right and left-handed users.\nCONVENIENT: The cordless & BPA-Free electric electric kettle makes a striking presence on any kitchen counter or buffet in preparing and serving and it is easy for storage\nFAST BOIL: This 1500W electric kettle has concealed heating elements and can boil up to 1.5 litres of water in 5 to 7 minutes, quicker and safer. Start your day with a cup of instant lemon tea, green tea, hot water.\nEASY CLEAN: Use white vinegar, baking soda, water, cleaning bottle brush and microfiber cloth to clean your electric kettle and keep it looking new.\nWater Level Indicator: No",
        "NumberBought": "30K+",
        "AllAvailableImages": [
            "https://m.media-amazon.com/images/G/31/HomeCustomProduct/imageBlock-360-thumbnail-icon-small._CB610490043_FMpng_RI_.png",
            "https://m.media-amazon.com/images/I/31na34LxwmL._SS100_.jpg",
            "https://m.media-amazon.com/images/I/51Qe2-fqfUL.SS125_PKplay-button-mb-image-grid-small_.jpg",
            "https://m.media-amazon.com/images/I/51DT0SbTXPL._SS100_.jpg",
            "https://m.media-amazon.com/images/I/51BOZ-srKzL._SS100_.jpg",
            "https://m.media-amazon.com/images/I/51xgUlulLXL._SS100_.jpg",
            "https://m.media-amazon.com/images/I/51gfAVf9xhL._SS100_.jpg",
            "https://m.media-amazon.com/images/G/31/HomeCustomProduct/imageBlock-360-thumbnail-icon-small._CB610490043_FMpng_RI_.png"
        ]
    },
    {
        "Product Name": "DRUNKEN Slipper For Men and Women Flip Flops Hotel Spa Massage Chappal Bedroom Carpet Slippers Sandal",
        "Product Price": "₹284.00",
        "BestSeller Rating": "#2",
        "SaleDiscount": "-53%",
        "ShipFrom": "Amazon",
        "SoldBy": "ILU",
        "Rating": "3.3",
        "ProductDescription": "N/A",
        "NumberBought": "1K+",
        "AllAvailableImages": [
            "https://m.media-amazon.com/images/G/31/HomeCustomProduct/360_icon_73x73v2._CB485971317_SS40_FMpng_RI_.png",
            "https://m.media-amazon.com/images/I/51vSRqLwkWL._SS40_.jpg",
            "https://m.media-amazon.com/images/I/51IRhoQQTXL._SS40_.jpg",
            "https://m.media-amazon.com/images/I/514xrEaYC8L._SS40_.jpg",
            "https://m.media-amazon.com/images/I/51y4OaYdXaL._SS40_.jpg",
            "https://m.media-amazon.com/images/I/31PuuukCXUL._SS40_.jpg",
            "https://m.media-amazon.com/images/I/61IP0S1LVqL._SS40_.jpg",
            "https://m.media-amazon.com/images/I/51JWWx7+4aL.SS40_PKmb-play-button-overlay-thumb_.jpg"
        ]
    },
    {
        "Product Name": "AIRSON AL-5 Slipper for Women | Orthopedic, Diabetic, Pregnancy | Soft Doctor Anti-Skid Slipper for Women |Slides, Flip-Flops, Slippers, Chappals | For Ladies and Girls",
        "Product Price": "₹329.00",
        "BestSeller Rating": "#7",
        "SaleDiscount": "-67%",
        "ShipFrom": "Amazon",
        "SoldBy": "AirsonAutolite",
        "Rating": "4.1",
        "ProductDescription": "N/A",
        "NumberBought": "500+",
        "AllAvailableImages": [
            "https://m.media-amazon.com/images/G/31/HomeCustomProduct/360_icon_73x73v2._CB485971317_SS40_FMpng_RI_.png",
            "https://m.media-amazon.com/images/I/418G6qmUY0L._SS40_.jpg",
            "https://m.media-amazon.com/images/I/41rpUubJbxL._SS40_.jpg",
            "https://m.media-amazon.com/images/I/41jClNFAG0L._SS40_.jpg",
            "https://m.media-amazon.com/images/I/41CXollSsBL._SS40_.jpg",
            "https://m.media-amazon.com/images/I/41rGUDsoHOL._SS40_.jpg",
            "https://m.media-amazon.com/images/I/41c6akof0mL._SS40_.jpg",
            "https://m.media-amazon.com/images/I/61teEOxSNML.SS40_PKmb-play-button-overlay-thumb_.jpg"
        ]
    },
    {
        "Product Name": "DOCTOR EXTRA SOFT Doctor Slippers for Women Orthopedic Diabetic Pregnancy Non Slip Lightweight Comfortable Flat Casual Stylish Dr Chappals and House Flip flops For Ladies and Girl’s D-22",
        "Product Price": "₹349.00",
        "BestSeller Rating": "#8",
        "SaleDiscount": "-65%",
        "ShipFrom": "Amazon",
        "SoldBy": "FAMILY FOOTWEAR.",
        "Rating": "4.1",
        "ProductDescription": "Add these wonderful Doctor Extra Soft Flip flops For Women to your Shoe Closet. Brought to you by FAMILY FOOTWEAR, these Flip flops are not only Light Weight and Anti Skid, but also extremely Comfortable to wear. Now, you can now keep your feet comfortable with this pair of Doctor Extra Soft Footwear for Women that have been skillfully crafted to provide optimum support to your ailing Feet. It is Soft Padded and has been ergonomically designed to support and soothe feet suffering from orthopedic problems. Diabetic Foot problems relieve heel arch and Ankle Pains. Soft insole, Flexible sole for better walking comfort Extra Soft and Comfortable bottom for Heel Comfort. General foot Pain & Discomfort Heel Pain, Arch Pain Plantar Fasciitis, Diabetes, Back Pain, and Blood Circulation. It's Extra Soft EVA Footbed Increases Comfort, Eases Foot pain, Increases Efficiency, Eases Pressure on Feet, Absorbs Heel Shock, and Minimizes Fatigue.",
        "NumberBought": "1K+",
        "AllAvailableImages": [
            "https://m.media-amazon.com/images/G/31/HomeCustomProduct/360_icon_73x73v2._CB485971317_SS40_FMpng_RI_.png",
            "https://m.media-amazon.com/images/I/41j+VLnSJJL._SS40_.jpg",
            "https://m.media-amazon.com/images/I/51tEICUFMJL._SS40_.jpg",
            "https://m.media-amazon.com/images/I/41vTXw9fUbL._SS40_.jpg",
            "https://m.media-amazon.com/images/I/41eoYi17KpL._SS40_.jpg",
            "https://m.media-amazon.com/images/I/41CpQukU31L._SS40_.jpg",
            "https://m.media-amazon.com/images/I/31JSsCSnfEL._SS40_.jpg",
            "https://m.media-amazon.com/images/I/91ZnuJvoELL.SS40_PKmb-play-button-overlay-thumb_.jpg"
        ]
    },
    {
        "Product Name": "Fargo Leatherette Side White Sling Bags For Women's Ladies",
        "Product Price": "₹99.00",
        "BestSeller Rating": "#9",
        "SaleDiscount": "-90%",
        "ShipFrom": "Amazon",
        "SoldBy": "Retail Grapple",
        "Rating": "3.2",
        "ProductDescription": "Complement your contemporary look with this stylish combo set of handbag and sling bags. Fargo presents this handbag set which is perfect to carry at work or adorn casually. Crafted from high-quality faux leather, this bag opens to a sizable interior, perfect to stow your essentials and is detailed with polished hardware for a sleek finish. It features an adjustable strap for easy carry and a zip closure for your valuables. Match with casuals or ethnic wear for a complete look.\nObsessed about the quality: To create timeless products, quality is foremost. That's why, we have hand-picked and sourced our artisans, leather, threads and all other materials of the very best quality.\nAbout brand\nWith simple yet elegant designs, Fargo tries to stand out when it comes to style, quality, and relevance. Our products are designed by experts with high proficiency to meet superior quality standards and highlighting all precise details.",
        "NumberBought": "3K+",
        "AllAvailableImages": [
            "https://m.media-amazon.com/images/G/31/HomeCustomProduct/360_icon_73x73v2._CB485971317_SS40_FMpng_RI_.png",
            "https://m.media-amazon.com/images/I/31Ft2X3ZVuL._SS40_.jpg",
            "https://m.media-amazon.com/images/I/41DfHc0l-9L._SS40_.jpg",
            "https://m.media-amazon.com/images/I/31I6hwtHSNL._SS40_.jpg",
            "https://m.media-amazon.com/images/I/41xRvP4FFfL._SS40_.jpg",
            "https://m.media-amazon.com/images/I/31bEgUag62L._SS40_.jpg",
            "https://m.media-amazon.com/images/I/31jFF5evNHL._SS40_.jpg"
        ]
    },
    {
        "Product Name": "boAt Type C A325/A320 Tangle-free, Sturdy Type C Cable with 3A Rapid Charging & 480 Mbps Data Transmission Speed, Compatible with Smartphones & Tablets(Black)",
        "Product Price": "₹125.00",
        "BestSeller Rating": "#1",
        "SaleDiscount": "-75%",
        "ShipFrom": "Amazon",
        "SoldBy": "Cocoblu Retail",
        "Rating": "4.0",
        "ProductDescription": "About this item\nType C A325/A320 Cable Is Designed With A Perfect 1.5 Meters In Length For Hassle Free Usage\nIt Dons Premium Braided Skin That Makes It Sturdy And Invincible Against External Damage With 10000+ Bends Lifespan The Cable Stays Stronger And Lasts Longer\nType C A325/A320 Offers Universal Compatibility With Smartphones, Tablets, Pc Peripherals, Bluetooth Speakers, Power Banks And All Other Devices With Type C Port\nThe Reversible Metallic Aluminium Tip Lets The User Connect Devices In A Carefree Manner\nIts Flexible Design Offers The User A Tangle-Free Experience\n2 years warranty from the date of purchase\n› See more product details",
        "NumberBought": "8K+",
        "AllAvailableImages": [
            "https://m.media-amazon.com/images/G/31/HomeCustomProduct/360_icon_73x73v2._CB485971317_SX38_SY50_CR,0,0,38,50_FMpng_RI_.png",
            "https://m.media-amazon.com/images/I/41xwPQLxTML._SX38_SY50_CR,0,0,38,50_.jpg",
            "https://m.media-amazon.com/images/I/51KKy1VB1NL.SX38_SY50_CR,0,0,38,50_BG85,85,85_BR-120_PKdp-play-icon-overlay__.jpg",
            "https://m.media-amazon.com/images/I/41VlnNXVPhL._SX38_SY50_CR,0,0,38,50_.jpg",
            "https://m.media-amazon.com/images/I/51nIehLJ8UL._SX38_SY50_CR,0,0,38,50_.jpg",
            "https://m.media-amazon.com/images/I/41vVEaCEVTL._SX38_SY50_CR,0,0,38,50_.jpg",
            "https://m.media-amazon.com/images/I/51oH+H5h0aL._SX38_SY50_CR,0,0,38,50_.jpg",
            "https://m.media-amazon.com/images/I/418-UmNYGHL._SX38_SY50_CR,0,0,38,50_.jpg"
        ]
    },
    {
        "Product Name": "Ambrane Unbreakable 3A Fast Charging 1.5m Braided Type C Cable for Smartphones, Tablets & other Type C devices, 480Mbps Data Sync, Quick Charge 3.0 (RCT15A, Black)",
        "Product Price": "₹169.00",
        "BestSeller Rating": "#2",
        "SaleDiscount": "-52%",
        "ShipFrom": "Amazon",
        "SoldBy": "Cocoblu Retail",
        "Rating": "4.0",
        "ProductDescription": "About this item\n3A Fast Charging - Delivers 3A fast charging and 480 Mbps data transfer speed.\nQuick Charge 2.0/ 3.0 - Supports Quick Charge (QC) 2.0/3.0 to deliver rapid charging speed.\nWide Compatibility - It is compatible with all Type-C enabled devices including Android smartphones, tablets and PC peripherals.\nUnbreakable - Made of special braided outer with rugged interior bindings, it is an ultra-durable cable that won’t be affected by daily rough usage.\nIdeal Length - It has an ideal length of 1.5 meters which is super convenient to use.\nMade in India - This product is Made in India at the Ambrane’s manufacturing facility in Haryana.\n180 Days Warranty - It comes with a 6 months warranty against manufacturing defects.\n› See more product details",
        "NumberBought": "10K+",
        "AllAvailableImages": [
            "https://m.media-amazon.com/images/G/31/HomeCustomProduct/360_icon_73x73v2._CB485971317_SX38_SY50_CR,0,0,38,50_FMpng_RI_.png",
            "https://m.media-amazon.com/images/I/41kvOAo9rQL._SX38_SY50_CR,0,0,38,50_.jpg",
            "https://m.media-amazon.com/images/I/514JJPS5gDL.SX38_SY50_CR,0,0,38,50_BG85,85,85_BR-120_PKdp-play-icon-overlay__.jpg",
            "https://m.media-amazon.com/images/I/51IAoGpnwFL._SX38_SY50_CR,0,0,38,50_.jpg",
            "https://m.media-amazon.com/images/I/412EVdkxSlL._SX38_SY50_CR,0,0,38,50_.jpg",
            "https://m.media-amazon.com/images/I/51AW9Mrsy-L._SX38_SY50_CR,0,0,38,50_.jpg",
            "https://m.media-amazon.com/images/I/41Z0MIWAl9L._SX38_SY50_CR,0,0,38,50_.jpg",
            "https://m.media-amazon.com/images/I/51FWRz4pdkL._SX38_SY50_CR,0,0,38,50_.jpg"
        ]
    },
    {
        "Product Name": "STRIFF Adjustable Laptop Tabletop Stand Patented Riser Ventilated Portable Foldable Compatible with MacBook Notebook Tablet Tray Desk Table Book with Free Phone Stand (Black)",
        "Product Price": "₹279.00",
        "BestSeller Rating": "#3",
        "SaleDiscount": "-81%",
        "ShipFrom": "Amazon",
        "SoldBy": "Clicktech Retail Private Ltd",
        "Rating": "4.3",
        "ProductDescription": "About this item\nFOLDABLE, PORTABLE, LIGHTWEIGHT: The Carnation Laptop Stand has a thin, hard plastic frame. It can be easily folded and carried around. Durable enough to withstand the weight of up to 55 lbs (25kg).\nOPTIMIZED FOR AIR VENTILATION: To prevent your computer from overheating, the laptop stand has large cut-out vents and adjustable height options that allow air to circulate from all sides. Well vented.\nADJUSTABLE HEIGHT 7 OPTIONS: Raise your laptop or tablet to any of seven adjustable heights from 2.7” to 6.7” so you can get a clearer, glare-free view while getting neck pain relief and preventing eye strain.\nPHONE STAND, and PURE ERGONOMICS: Easily share the screen with those next to you. No constant reaching for your phone anymore. This means fewer distractions, better concentration. The new meaning of Ergonomic.\n› See more product details",
        "NumberBought": "5K+",
        "AllAvailableImages": [
            "https://m.media-amazon.com/images/G/31/HomeCustomProduct/360_icon_73x73v2._CB485971317_SS40_FMpng_RI_.png",
            "https://m.media-amazon.com/images/I/51aYKwgu-GL._SS40_.jpg",
            "https://m.media-amazon.com/images/I/51R7XnISvjL.SS40_BG85,85,85_BR-120_PKdp-play-icon-overlay__.jpg",
            "https://m.media-amazon.com/images/I/512u1NC3aXL._SS40_.jpg",
            "https://m.media-amazon.com/images/I/4194q56fDSL._SS40_.jpg",
            "https://m.media-amazon.com/images/I/51g8+GVu7iL._SS40_.jpg",
            "https://m.media-amazon.com/images/I/51I4x5m7b6L._SS40_.jpg",
            "https://m.media-amazon.com/images/I/41-pTKKYteL._SS40_.jpg"
        ]
    },
    {
        "Product Name": "Zebronics Zeb-Power Wired USB Mouse, 3-Button, 1200 DPI Optical Sensor, Plug & Play, for Windows/Mac",
        "Product Price": "₹99.00",
        "BestSeller Rating": "#4",
        "SaleDiscount": "-60%",
        "ShipFrom": "Amazon",
        "SoldBy": "Clicktech Retail Private Ltd",
        "Rating": "3.9",
        "ProductDescription": "About this item\nIf you’re looking at compact and stylish design look no further with the Zebronics Power mouse.\nIt has an advanced optical sensor technology that gives you high precision\nIt comes with an easy to install mechanism where you can just plug and play.\nCompact and stylish design, Advanced optical sensor technology with Resolution 1200dpi\nWarranty - 1 year from the date of purchase\n› See more product details",
        "NumberBought": "5K+",
        "AllAvailableImages": [
            "https://m.media-amazon.com/images/G/31/HomeCustomProduct/360_icon_73x73v2._CB485971317_SS40_FMpng_RI_.png",
            "https://m.media-amazon.com/images/I/31u+5VzlK7L._SS40_.jpg",
            "https://m.media-amazon.com/images/I/41JYYO-m1ZL.SS40_BG85,85,85_BR-120_PKdp-play-icon-overlay__.jpg",
            "https://m.media-amazon.com/images/I/41+amGMTjLL._SS40_.jpg",
            "https://m.media-amazon.com/images/I/31FskwQGsLL._SS40_.jpg",
            "https://m.media-amazon.com/images/I/41DFsjUa4qL._SS40_.jpg",
            "https://m.media-amazon.com/images/I/41hOXBL+VmL._SS40_.jpg",
            "https://m.media-amazon.com/images/I/41tVX4yNFbL._SS40_.jpg"
        ]
    },
    {
        "Product Name": "FUR JADEN Anti Theft Number Lock Backpack Bag with 15.6 Inch Laptop Compartment, USB Charging Port & Organizer Pocket for Men Women Boys Girls",
        "Product Price": "₹649.00",
        "BestSeller Rating": "#5",
        "SaleDiscount": "-68%",
        "ShipFrom": "Amazon",
        "SoldBy": "RetailEZ Pvt Ltd",
        "Rating": "4.0",
        "ProductDescription": "Stay organized all day with a durable and lightweight backpack from Fur Jaden. This back pack is a stylish and functional accessory for men and women. Can add admiration to an appealing and daring personality with a remarkable aesthetics and functionality. This backpack features an anti-theft design. You can also charge your phone on the go and organize your stuff like pro. Fur Jaden functional back pack is apt to protect your gadgets and belongings from being stolen while you travel, thanks to its special anti-theft design. Now keep your belongings safe with style. The backpack features multiple compartments that you may use for your laptop and other essentials. A remarkable feature of this backpack allows you to charge your phone while you are on the move. With an attached charging dock in the back you may connect a portable power bank with ease. Weighing about 600grams, this backpack is lightweight. The backpack is able to house a laptop of up to 15.6 inches and has seven inner compartments to place your other essentials. Made from durable quality polymer this Fur Jaden back pack is sturdy and reliable. Flaunt this bag with style and low maintenance as this bag is washable. This backpack is also suitable for school or college. The straps are designed to distribute the weight equally on each shoulder preventing any sort of discomfort. Use this back pack for office, college/school or during travels.",
        "NumberBought": "8K+",
        "AllAvailableImages": [
            "https://m.media-amazon.com/images/G/31/HomeCustomProduct/360_icon_73x73v2._CB485971317_SX38_SY50_CR,0,0,38,50_FMpng_RI_.png",
            "https://m.media-amazon.com/images/I/31fAITaT6rL._SX38_SY50_CR,0,0,38,50_.jpg",
            "https://m.media-amazon.com/images/I/41B71OtQiTL._SX38_SY50_CR,0,0,38,50_.jpg",
            "https://m.media-amazon.com/images/I/41YvYPzUNRL._SX38_SY50_CR,0,0,38,50_.jpg",
            "https://m.media-amazon.com/images/I/51Ixea4dqWL._SX38_SY50_CR,0,0,38,50_.jpg",
            "https://m.media-amazon.com/images/I/41ry8dk+AIL._SX38_SY50_CR,0,0,38,50_.jpg",
            "https://m.media-amazon.com/images/I/41NNj7dUJ+L._SX38_SY50_CR,0,0,38,50_.jpg",
            "https://m.media-amazon.com/images/I/61VWG375x1L.SX38_SY50_CR,0,0,38,50_PKmb-play-button-overlay-thumb_.jpg"
        ]
    },
    {
        "Product Name": "Dyazo 6 Angles Adjustable Aluminum Ergonomic Foldable Portable Tabletop Laptop/Desktop Riser Stand Holder Compatible for MacBook, HP, Dell, Lenovo & All Other Notebook (Silver)",
        "Product Price": "₹399.00",
        "BestSeller Rating": "#6",
        "SaleDiscount": "-80%",
        "ShipFrom": "Amazon",
        "SoldBy": "Clicktech Retail Private Ltd",
        "Rating": "4.3",
        "ProductDescription": "About this item\nDyazo Height Adjusting Laptop Stand Or Laptop Ergonomic Stand Or Laptop Stands For Office Desk Improves Your Posture Scientifically Designed To Help You Balance You’re Sitting Posture Keeping Your Back Straight, Neck Relaxed And Wrists Natural Even After Long Work Hours\nMulti-Angle Adjustable Design: The Aluminium Laptop Stand Or Metal Laptop Stand Or Foldable Laptop Stand Or Better Known As A Aluminum Laptop Stand Provides 6-Speed Adjustable Height, Adjust To Comfortable Operating Angle And Height Based On Your Actual Need. And The Ergonomic Design Makes For Easy Watching And Typing, Relieving Neck, Shoulder And Spinal Pain.\nCompatibility: The Laptop & Tablet Stand Supports Most Devices From 10 - 15.6 Inches: Macbook, Thinkpad, Surface, Chromebook, Ipad Pro, Etc. Therefore Known As A 11.6 Inch Laptop Stand ,12 Inch Laptop Stand , 13.3 Inch Laptop Stand ,15 Inch Laptop Stans & 15.6 Inch Laptop Stand\nDyazo Travel Laptop Stand Or Laptop Stand Metal Is A Laptop Foldable Stand Which You Can Fold And Carry Easly In Your Backpack Or Briefcase You Can Use It To Change Angle Of Your Laptop Therefore Use It As Laptop Incline Stand Or Laptop Height Stand\nLaptop stand fully foldable, light weight at 260gm only and extremely handy to carry in your office bag [Increases laptop life]-keeps your laptop cooler so the battery life and internal components life also improves\nEXQUISITE WORKMANSHIP: Machined from anodized aluminum alloy, with sand blasted and brushed processes. With Non-slip silicone mat, avoid from risking of any scratches to your devices and stable placement makes it the best laptop stand available in the market\nOne year warranty\n› See more product details",
        "NumberBought": "5K+",
        "AllAvailableImages": [
            "https://m.media-amazon.com/images/G/31/HomeCustomProduct/360_icon_73x73v2._CB485971317_SS40_FMpng_RI_.png",
            "https://m.media-amazon.com/images/I/41z+I72sJXL._SS40_.jpg",
            "https://m.media-amazon.com/images/I/51wGc2PmOlL.SS40_BG85,85,85_BR-120_PKdp-play-icon-overlay__.jpg",
            "https://m.media-amazon.com/images/I/51o+DayVt9L._SS40_.jpg",
            "https://m.media-amazon.com/images/I/415Bh+nueQL._SS40_.jpg",
            "https://m.media-amazon.com/images/I/41yKwA9RXcL._SS40_.jpg",
            "https://m.media-amazon.com/images/I/41ElXdwsVNL._SS40_.jpg",
            "https://m.media-amazon.com/images/I/51dCL7ooiCL._SS40_.jpg"
        ]
    },
    {
        "Product Name": "Logitech M186 Wireless Mouse, 2.4GHz with USB Mini Receiver, 12-Month Battery Life, 1000 DPI Optical Tracking, Ambidextrous, Compatible with PC, Mac, Laptop",
        "Product Price": "₹495.00",
        "BestSeller Rating": "#7",
        "SaleDiscount": "-59%",
        "ShipFrom": "Amazon",
        "SoldBy": "Clicktech Retail Private Ltd",
        "Rating": "4.3",
        "ProductDescription": "Compact Mouse: With a comfortable and contoured shape, this Logitech ambidextrous wireless mouse feels great in either right or left hand and is far superior to a touchpad\nDurable and Reliable: This wireless USB mouse features a line-by-line scroll wheel, up to 1 year of battery life (2) thanks to a smart sleep mode function, and comes with the included AA battery\nUniversal Compatibility: Your Logitech mouse works with your Windows PC, Mac, or laptop, so no matter what type of computer you own today or buy tomorrow your mouse will be compatible\nPlug and Play Simplicity: Just plug in the tiny nano USB receiver and start working in seconds with a strong, reliable connection to your cordless computer mouse up to 10 m (5)\nBetter than touchpad: Get more done by adding M185 to your laptop; according to a recent study, laptop users who chose this mouse over a touchpad were 50% more productive (3) and worked 30% faster (4)\n› See more product details",
        "NumberBought": "5K+",
        "AllAvailableImages": [
            "https://m.media-amazon.com/images/G/31/HomeCustomProduct/360_icon_73x73v2._CB485971317_SS40_FMpng_RI_.png",
            "https://m.media-amazon.com/images/I/31OAW0NYpkL._SS40_.jpg",
            "https://m.media-amazon.com/images/I/41g8Wi6dFdL.SS40_BG85,85,85_BR-120_PKdp-play-icon-overlay__.jpg",
            "https://m.media-amazon.com/images/I/4134zr7kntL._SS40_.jpg",
            "https://m.media-amazon.com/images/I/41ErS4ZioqL._SS40_.jpg",
            "https://m.media-amazon.com/images/I/31xgeDAVnjL._SS40_.jpg",
            "https://m.media-amazon.com/images/I/31tSzn9zABL._SS40_.jpg",
            "https://m.media-amazon.com/images/I/31sFIbCKA4L._SS40_.jpg"
        ]
    },
    {
        "Product Name": "Safari Omega spacious/large laptop backpack with Raincover, college bag, travel bag for men and women, Black, 30 Litre",
        "Product Price": "₹649.00",
        "BestSeller Rating": "#8",
        "SaleDiscount": "-81%",
        "ShipFrom": "Amazon",
        "SoldBy": "RetailEZ Pvt Ltd",
        "Rating": "4.0",
        "ProductDescription": "2 spacious compartments with 2 front pockets and an organizer compartment\nPadded Laptop compartment\nRain cover\nCompression straps and reflective strips for better travelling experience\nBottle and umbrella holder pockets, Padded shoulder straps\n› See more product details",
        "NumberBought": "6K+",
        "AllAvailableImages": [
            "https://m.media-amazon.com/images/G/31/HomeCustomProduct/360_icon_73x73v2._CB485971317_SS40_FMpng_RI_.png",
            "https://m.media-amazon.com/images/I/31bOxxWWIeL._SS40_.jpg",
            "https://m.media-amazon.com/images/I/71GIxs3rhTL.SS40_BG85,85,85_BR-120_PKdp-play-icon-overlay__.jpg",
            "https://m.media-amazon.com/images/I/31r0ThcEetL._SS40_.jpg",
            "https://m.media-amazon.com/images/I/41R3RkvdJtL._SS40_.jpg",
            "https://m.media-amazon.com/images/I/51qPnetQaqL._SS40_.jpg",
            "https://m.media-amazon.com/images/I/41QveNdA02L._SS40_.jpg",
            "https://m.media-amazon.com/images/I/41NviE7PlVL._SS40_.jpg"
        ]
    },
    {
        "Product Name": "HUMBLE® Spiral Charger Cable Protector Data Cable Saver Charging Cord Protective Cable Cover (25 Pieces)",
        "Product Price": "₹99.00",
        "BestSeller Rating": "#9",
        "SaleDiscount": "-90%",
        "ShipFrom": "Amazon",
        "SoldBy": "Cocoblu Retail",
        "Rating": "4.1",
        "ProductDescription": "About this item\n☛ 『Protect cables』: the cable protector was designed with highly flexible silicone, which can be applied as phone charger saver and charger protector to completely protect cables for all devices such as cell phones, computers, laptops, mouse cable, etc..\n☛ 『Protection effect』: these cable saver protectors can protect wires and power cords from dirt, frays, tangles and knots; Reduce the risk of fraying and breaking.\n☛ 『Touch comfortable』: the wiring protector is made of good quality TPU material, soft and touch comfortable, which can be applied to protect your headphone cords, charger cables and so on.\n☛『 Prolong life of cables』: the charger cable saver will help to prolong the life of your cable even the cable has been damaged.\n☛ 『Easy to install』: a detailed usage is provided; All you need to do is install according to the steps in the manual.\n› See more product details",
        "NumberBought": "4K+",
        "AllAvailableImages": [
            "https://m.media-amazon.com/images/G/31/HomeCustomProduct/360_icon_73x73v2._CB485971317_SS40_FMpng_RI_.png",
            "https://m.media-amazon.com/images/I/417c33cKXcL._SS40_.jpg",
            "https://m.media-amazon.com/images/I/518hi6rKW8L.SS40_BG85,85,85_BR-120_PKdp-play-icon-overlay__.jpg",
            "https://m.media-amazon.com/images/I/41oZsg1Z89L._SS40_.jpg",
            "https://m.media-amazon.com/images/I/51ktVTMWNaL._SS40_.jpg",
            "https://m.media-amazon.com/images/I/61yHFRVLu8L._SS40_.jpg",
            "https://m.media-amazon.com/images/I/41ckSadD--L._SS40_.jpg",
            "https://m.media-amazon.com/images/I/61OY1U5mrSL._SS40_.jpg"
        ]
    },
    {
        "Product Name": "TP-Link AC750 Wifi Range Extender | Up to 750Mbps | Dual Band WiFi Extender, Repeater, Wifi Signal Booster, Access Point| Easy Set-Up | Extends Wifi to Smart Home & Alexa Devices (RE200)",
        "Product Price": "₹1,799.00",
        "BestSeller Rating": "#10",
        "SaleDiscount": "-67%",
        "ShipFrom": "Amazon",
        "SoldBy": "Clicktech Retail Private Ltd",
        "Rating": "4.2",
        "ProductDescription": "About this item\nBoosts wireless signal to previously unreachable or hard-to-wire areas flawlessly\nCompatible with 802.11 b/g/n and 802.11ac Wi-Fi devices\nDual band speeds up to 750Mbps\nMiniature size and wall-mounted design make it easy to deploy and move flexibly\nEthernet port allows the Extender to function as a wireless adapter to connect wired devices\nWorry-free customer support —— For other installation related query, compatibility issue or any other queries call on toll free no 1800 2094 168 or write us at support.in@tp-link.com\n› See more product details",
        "NumberBought": "5K+",
        "AllAvailableImages": [
            "https://m.media-amazon.com/images/G/31/HomeCustomProduct/360_icon_73x73v2._CB485971317_SS40_FMpng_RI_.png",
            "https://m.media-amazon.com/images/I/21UL+nawiNL._SS40_.jpg",
            "https://m.media-amazon.com/images/I/51vBYCGRwrL.SS40_BG85,85,85_BR-120_PKdp-play-icon-overlay__.jpg",
            "https://m.media-amazon.com/images/I/21Vc4OVSiML._SS40_.jpg",
            "https://m.media-amazon.com/images/I/212NopqFxqL._SS40_.jpg",
            "https://m.media-amazon.com/images/I/41sWl+2epWL._SS40_.jpg",
            "https://m.media-amazon.com/images/I/41EZGQyJ9PL._SS40_.jpg",
            "https://m.media-amazon.com/images/I/41bagMNe-7L._SS40_.jpg"
        ]
    },
    {
        "Product Name": "boAt Bassheads 100 in Ear Wired Earphones with Mic(Black)",
        "Product Price": "₹349.00",
        "BestSeller Rating": "#3",
        "SaleDiscount": "-65%",
        "ShipFrom": "Amazon",
        "SoldBy": "Clicktech Retail Private Ltd",
        "Rating": "4.1",
        "ProductDescription": "About this item\nThe perfect way to add some style and stand out from the crowd with the boAt BassHeads 100 \"Hawk\" inspired earphones. Impedance 16Ω, Sensitivity (dB) 92db ±3db, Frequency Response 20Hz-20KHz\nThe stylish BassHeads 100 superior coated wired earphones are a definite fashion statement - wear your attitude with its wide variety of collection\nThe powerful 10mm dynamic driver with the speaker resistance of 16 ohm enables the earphone to deliver a punchy, rhythmic response to the most demanding tracks\nFeatures a HD microphone to make crystal clear calls - making life easier on the go, play/pause music or answer/end calls with one-click, track forward with two-clicks or back with 3 clicks make these earphones extremely user-friendly\nWith 1.2 meters perfect length cable now plug it in anywhere with ease - while the earphones are extremely user-friendly and stylish, extruding premium coating on the wire cable is a manufacturing process that we've been performing and refining since our company's inception\nIts impeccable fit won't let you take these wonderfully amazing earphones off, fits you perfectly without hurting your ears and the perfect arc, with different size ear tips helps you in achieving superior comfort even with long listening hours.\n1 year warranty from the date of purchase\n› See more product details",
        "NumberBought": "5K+",
        "AllAvailableImages": [
            "https://m.media-amazon.com/images/G/31/HomeCustomProduct/360_icon_73x73v2._CB485971317_SS40_FMpng_RI_.png",
            "https://m.media-amazon.com/images/I/313U7Xx9b4L._SS40_.jpg",
            "https://m.media-amazon.com/images/I/41SKuGONqDL.SS40_BG85,85,85_BR-120_PKdp-play-icon-overlay__.jpg",
            "https://m.media-amazon.com/images/I/41HbUP3iP5L._SS40_.jpg",
            "https://m.media-amazon.com/images/I/41uFZxUySsL._SS40_.jpg",
            "https://m.media-amazon.com/images/I/41xANVHKNaL._SS40_.jpg",
            "https://m.media-amazon.com/images/I/41tyzj-icWL._SS40_.jpg",
            "https://m.media-amazon.com/images/I/41cidk7kYNL._SS40_.jpg"
        ]
    },
    {
        "Product Name": "boAt Type C A325/A320 Tangle-free, Sturdy Type C Cable with 3A Rapid Charging & 480 Mbps Data Transmission Speed, Compatible with Smartphones & Tablets(Black)",
        "Product Price": "₹125.00",
        "BestSeller Rating": "#6",
        "SaleDiscount": "-75%",
        "ShipFrom": "Amazon",
        "SoldBy": "Cocoblu Retail",
        "Rating": "4.0",
        "ProductDescription": "About this item\nType C A325/A320 Cable Is Designed With A Perfect 1.5 Meters In Length For Hassle Free Usage\nIt Dons Premium Braided Skin That Makes It Sturdy And Invincible Against External Damage With 10000+ Bends Lifespan The Cable Stays Stronger And Lasts Longer\nType C A325/A320 Offers Universal Compatibility With Smartphones, Tablets, Pc Peripherals, Bluetooth Speakers, Power Banks And All Other Devices With Type C Port\nThe Reversible Metallic Aluminium Tip Lets The User Connect Devices In A Carefree Manner\nIts Flexible Design Offers The User A Tangle-Free Experience\n2 years warranty from the date of purchase\n› See more product details",
        "NumberBought": "8K+",
        "AllAvailableImages": [
            "https://m.media-amazon.com/images/G/31/HomeCustomProduct/360_icon_73x73v2._CB485971317_SX38_SY50_CR,0,0,38,50_FMpng_RI_.png",
            "https://m.media-amazon.com/images/I/41xwPQLxTML._SX38_SY50_CR,0,0,38,50_.jpg",
            "https://m.media-amazon.com/images/I/51KKy1VB1NL.SX38_SY50_CR,0,0,38,50_BG85,85,85_BR-120_PKdp-play-icon-overlay__.jpg",
            "https://m.media-amazon.com/images/I/41VlnNXVPhL._SX38_SY50_CR,0,0,38,50_.jpg",
            "https://m.media-amazon.com/images/I/51nIehLJ8UL._SX38_SY50_CR,0,0,38,50_.jpg",
            "https://m.media-amazon.com/images/I/41vVEaCEVTL._SX38_SY50_CR,0,0,38,50_.jpg",
            "https://m.media-amazon.com/images/I/51oH+H5h0aL._SX38_SY50_CR,0,0,38,50_.jpg",
            "https://m.media-amazon.com/images/I/418-UmNYGHL._SX38_SY50_CR,0,0,38,50_.jpg"
        ]
    },
    {
        "Product Name": "boAt Rockerz 255 Pro+, 60HRS Battery, Fast Charge, IPX7, Dual Pairing, Low Latency, Magnetic Earbuds, Bluetooth Neckband, Wireless with Mic Earphones (Active Black)",
        "Product Price": "₹1,049.00",
        "BestSeller Rating": "#9",
        "SaleDiscount": "-74%",
        "ShipFrom": "Amazon",
        "SoldBy": "Clicktech Retail Private Ltd",
        "Rating": "4.0",
        "ProductDescription": "About this item\nPlayback- Leave all charging worries at bay as the Rockerz 255 Pro+ comes with a humongous battery back up of 60 Hours\nASAP Charge- With a few minutes of ASAP Charge you can get upto 10 hours of audio time by charging them for only 10 mins\nDrivers- The unbeatable boAt signature sound shines through no matter what are you playing courtesy its 10mm drivers\nIP Rating- Rockerz 255 Pro+ are perfect for the outdoors and daily workout as they are IPX7 rated\nControls- Its multi-function Integrated controls lends an intuitive listening experience with volume increase and Decrease and Stop and Play buttons\n› See more product details",
        "NumberBought": "5K+",
        "AllAvailableImages": [
            "https://m.media-amazon.com/images/G/31/HomeCustomProduct/360_icon_73x73v2._CB485971317_SS40_FMpng_RI_.png",
            "https://m.media-amazon.com/images/I/41NVmSPAgAL._SS40_.jpg",
            "https://m.media-amazon.com/images/I/51cPcUffUEL.SS40_BG85,85,85_BR-120_PKdp-play-icon-overlay__.jpg",
            "https://m.media-amazon.com/images/I/41DHgRXGWkL._SS40_.jpg",
            "https://m.media-amazon.com/images/I/41gjegcEKzL._SS40_.jpg",
            "https://m.media-amazon.com/images/I/41gttqNNgZL._SS40_.jpg",
            "https://m.media-amazon.com/images/I/41gbvfMvS6L._SS40_.jpg",
            "https://m.media-amazon.com/images/I/51VbMk4xskL._SS40_.jpg"
        ]
    },
    {
        "Product Name": "Ghar Soaps Sandalwood & Saffron Magic Soaps For Bath (300 Gms Pack Of 3) | Paraben Free | Chandan & Kesar Bath Soap | Handmade Soaps For Glowing | Skin Whitening Soap For Men & Women",
        "Product Price": "₹398.00",
        "BestSeller Rating": "#3",
        "SaleDiscount": "-73%",
        "ShipFrom": "Amazon",
        "SoldBy": "yeh mera india",
        "Rating": "3.8",
        "ProductDescription": "About this item\nEnchanting Aroma: Immerse yourself in the captivating aroma of our Ghar Soap Sandalwood & Saffron Magic Soaps for Bath / Bath Soap. Transform your daily bathing routine into a sensory delight with the soothing scents of chandan (Sandalwood) and kesar (Saffron). Let the enchanting fragrance envelop you, creating a truly luxurious and indulgent experience with every lather.\nLuxurious Blend: Elevate your bathing experience to new heights with our Ghar Soap Sandalwood & Saffron Magic Soaps for Bath / Bath Soap. Immerse yourself in the handcrafted fusion of Chandan (Sandalwood) and Kesar (Saffron) that goes beyond mere cleansing. This luxurious blend rejuvenates and refreshes your skin, turning your shower or bath into a spa-like retreat. Treat yourself to the opulence of a Handmade Soaps or Skin Whitening Soap designed for a truly pampering experience.\nNatural Glow: Unveil radiant skin with our paraben-free Sandalwood & Saffron Magic Soaps for Bath / Bath Soap. The potent combination of sandalwood and saffron works harmoniously to brighten your complexion, leaving your skin with a natural, healthy glow. Experience the transformative power of nature, as these ingredients work together to enhance your skin's radiance and vitality.\nSuitable for All Skin Types: Crafted to perfection, our Sandalwood & Saffron Magic Soap / Bath Soap is a versatile solution for all skin types. Whether you have dry, oily, or sensitive skin, this soap is formulated to provide a balanced and nourishing experience. Both men and women can indulge in the revitalizing effects of this luxury handmade soaps / tan removal soap, making it an inclusive addition to your daily skincare routine.\nHandmade Craftsmanship: Experience the artistry of soap making with our meticulously crafted Sandalwood & Saffron Magic Soaps for Bath / Skin Whitening Soap. Each bar is handmade to ensure the unique qualities of sandalwood and saffron are preserved, offering a sensory-rich bathing ritual. Immerse yourself in the care and craftsmanship that goes into every bar, elevating your daily cleansing routine to a truly artistic and indulgent experience.",
        "NumberBought": "20K+",
        "AllAvailableImages": [
            "https://m.media-amazon.com/images/G/31/HomeCustomProduct/360_icon_73x73v2._CB485971317_SS40_FMpng_RI_.png",
            "https://m.media-amazon.com/images/I/41TIroifkVL._SS40_.jpg",
            "https://m.media-amazon.com/images/I/51SGoy22hTL.SS40_BG85,85,85_BR-120_PKdp-play-icon-overlay__.jpg",
            "https://m.media-amazon.com/images/I/41U1NZMlv7L._SS40_.jpg",
            "https://m.media-amazon.com/images/I/41LJ0Q5AsUL._SS40_.jpg",
            "https://m.media-amazon.com/images/I/41dqEAVQg9L._SS40_.jpg",
            "https://m.media-amazon.com/images/I/415gR-n47PL._SS40_.jpg",
            "https://m.media-amazon.com/images/I/41CgaRx2GfL._SS40_.jpg"
        ]
    },
    {
        "Product Name": "Fitness Mantra® Gym Winter Cap & Muffler for Men & Women| Beanie Cap| 1 Set|",
        "Product Price": "₹150.00",
        "BestSeller Rating": "#2",
        "SaleDiscount": "-70%",
        "ShipFrom": "Amazon",
        "SoldBy": "RetailEZ Pvt Ltd",
        "Rating": "4.2",
        "ProductDescription": "The Fitness Mantra Woolen Beanie Cap and Muffler are the perfect accessories to keep you warm and stylish during the colder months. Crafted from high-quality, cozy wool, these accessories provide excellent insulation to keep your head and neck comfortably protected from the chilly weather. The beanie cap features a snug fit, ensuring it stays in place even during your most active workouts or outdoor activities. It is designed to cover your ears, providing added warmth and protection from wind and cold temperatures. The soft wool material is gentle against your skin and prevents heat loss, making it ideal for outdoor workouts or simply running errands in the winter. The matching woolen muffler adds an extra layer of warmth and style to your attire. It is long enough to wrap around your neck multiple times, providing superior insulation to keep you cozy and comfortable throughout your day. The woolen material traps heat effectively, ensuring you stay warm even in harsh weather conditions. Both the beanie cap and muffler feature the signature Fitness Mantra logo, giving them a stylish and trendy look. The classic design and neutral colors make them versatile accessories that can easily complement any outfit. These woolen accessories are also easy to care for. Simply hand wash with mild detergent and lay flat to dry, and they will retain their softness and shape for years to come. Stay warm and fashionable with the Fitness Mantra Woolen Beanie Cap and Muffler. These accessories are perfect for any outdoor activity, and they make a great addition to your winter wardrobe. Embrace the cold weather with confidence and style.",
        "NumberBought": "10K+",
        "AllAvailableImages": [
            "https://m.media-amazon.com/images/G/31/HomeCustomProduct/360_icon_73x73v2._CB485971317_SX38_SY50_CR,0,0,38,50_FMpng_RI_.png",
            "https://m.media-amazon.com/images/I/51iu3cuF7CL._SX38_SY50_CR,0,0,38,50_.jpg",
            "https://m.media-amazon.com/images/I/51-BdXals8L._SX38_SY50_CR,0,0,38,50_.jpg",
            "https://m.media-amazon.com/images/I/61NNGEu1nSL._SX38_SY50_CR,0,0,38,50_.jpg",
            "https://m.media-amazon.com/images/I/5171HNcj1ZL._SX38_SY50_CR,0,0,38,50_.jpg",
            "https://m.media-amazon.com/images/I/410363QVeJL._SX38_SY50_CR,0,0,38,50_.jpg",
            "https://m.media-amazon.com/images/I/51IoEjERkLL._SX38_SY50_CR,0,0,38,50_.jpg",
            "https://m.media-amazon.com/images/I/61Py7owYznL._SX38_SY50_CR,0,0,38,50_.jpg"
        ]
    },
    {
        "Product Name": "Boldfit Woolen Winter Cap for Men Woolen Cap for Women & Men in Winter for Thermal Wear Stylish Soft Winter Caps for Boys & Girls for Warm Wear Head Winter Cap Men Woolen Garam Topaa Cap Bennies Black",
        "Product Price": "₹329.00",
        "BestSeller Rating": "#4",
        "SaleDiscount": "-59%",
        "ShipFrom": "Amazon",
        "SoldBy": "RetailEZ Pvt Ltd",
        "Rating": "4.5",
        "ProductDescription": "UNISEX DUAL-LAYERED BEANIE: Our beanie hats for men and women are lined with a super soft fleece that instantly locks in heat and ensures maximum comfort, provides excellent insulation against cold winter air. Our knit winter beanie hat can cover ears, aim to enjoy the windy weather with warm and soft hat without extra ear warmer. A perfect and stylish woolen cap\nCLASSIC STYLISH KNITTED: Precise knitting mixed yarn fashion beanie and gloves, creating a nice and fashionable look design, matches with any wardrobe like cardigans, sweaters, tops or other formal and casual winter clothes.\nONE SIZE FITS ALL: We use stretchable materials so that the hat and gloves can adapt to various head shapes and hands size, whether small head or big head even basketball head. They are easy to wear or take off, combine plenty of stretch and a snug fit, are suitable for most women and men.\nWHEN TO WEAR. Throw this soft hat, scarf, gloves on for any chilly outdoor activity. Great for the playground, at a pumpkin patch, during Christmas season, in a stroller, at a parade, on a play date, at school or in the best spot. Also makes a great gift.\nTREND WARM GIFT CHOICE - Our beanies are the perfect choice for causal daily use and outdoor activities. They are able to keep your head warm & comfortable in cold, windy or snowy days. It's also a great gift for family and friends to show your care and love for them, keep them warm in winter. Match any sweater with winter head caps for men caps for women winter wear stylish way this Christmas.",
        "NumberBought": "6K+",
        "AllAvailableImages": [
            "https://m.media-amazon.com/images/G/31/HomeCustomProduct/imageBlock-360-thumbnail-icon-small._CB610490043_FMpng_RI_.png",
            "https://m.media-amazon.com/images/I/41CnCxP1l9L._SS100_.jpg",
            "https://m.media-amazon.com/images/I/61dyDN6aCdL.SS125_PKplay-button-mb-image-grid-small_.jpg",
            "https://m.media-amazon.com/images/I/41iq4icflkL._SS100_.jpg",
            "https://m.media-amazon.com/images/I/41u1pifkk8L._SS100_.jpg",
            "https://m.media-amazon.com/images/I/41ft7D-X7gL._SS100_.jpg",
            "https://m.media-amazon.com/images/I/51XAJPmDGlL._SS100_.jpg",
            "https://m.media-amazon.com/images/I/41uzZ8WYRlL._SS100_.jpg"
        ]
    },
    {
        "Product Name": "Boldfit Adjustable Hand Grip Strengthener, Hand Gripper for Men & Women for Gym Workout Hand Exercise Equipment to Use in Home for Forearm Exercise, Finger Exercise Power Gripper (5-40 Kg) Black",
        "Product Price": "₹179.00",
        "BestSeller Rating": "#7",
        "SaleDiscount": "-64%",
        "ShipFrom": "Amazon",
        "SoldBy": "RetailEZ Pvt Ltd",
        "Rating": "4.2",
        "ProductDescription": "About this item\nADJUSTABLE RESISTANCE : Hand gripper 60 kg is easy to adjust the resistance from 10-60Kgs as needs. The hand Gripper is suitable for everyone, like Athletes, sports, fitness coaches, fitness, musicians and people who want to exercise their hand, wrist and fingers. Also its easy and fast to do so. The resistance of hand grips for strength training is perfect for both men and women with different strength as it can be adjusted easily.\nCOMFORTABLE HANDLE : Arm exercise equipment men is comfortable to hold and made from non-slip material. Boldfit gym hand grip holds your hands to keep from slipping during the workout exercise, and protects your hands from pain. You can feel the hand grip sticks on you hands. The size of the gripper is optimized for the general handle length of hand grips, so it’s available to wrap and use onto all types of hand grips. Hence it will give you extra grip and comfort while exercise.\nFOREARM & FINGER EXERCISE EQUIPMENT : Boldfit hand grip strengthener is useful in forearm/wrist workout as well as in finger exercise. To gain a good grip strength, you should do hand grip workout with a low resistance on a regular basis. Perfect for improving power and flexibility of forearm, wrists, fingers, hand ,and muscle building. Excellent for recovery of hand injury.\nDURABLE : Quality material used in boldfit handgrip exerciser e.g. spring made from high quality staleness steel, quality non- slip material used on handles. The grip strengthener, made of the latest upgraded material, has a longer handle than others, which is more convenient for you to hold; in addition, the handle material is strong and durable, which perfectly avoids the problem of the handle breaking during exercise, Overall its \"made for bold\" for last long.\nGYM AND HOME USE : Boldfit hand grip for gym is suitable in gym and home use as well as for men and women, it is easy to use and easy to handle is well. Exercise anywhere, anytime you want; you can use in your home, office, car, fitness club, and even in a library. Completely silent operation allows you to strengthen your hand grip and exercise your forearms and wrist without detection. You don't need to carry various kinds of hand grip, only one hand grip strengthener you need.",
        "NumberBought": "3K+",
        "AllAvailableImages": [
            "https://m.media-amazon.com/images/G/31/HomeCustomProduct/imageBlock-360-thumbnail-icon-small._CB610490043_FMpng_RI_.png",
            "https://m.media-amazon.com/images/I/51D5TWsGAsL._SS100_.jpg",
            "https://m.media-amazon.com/images/I/51xIkzL7v5L.SS125_PKplay-button-mb-image-grid-small_.jpg",
            "https://m.media-amazon.com/images/I/51N1kjYUw4L._SS100_.jpg",
            "https://m.media-amazon.com/images/I/41OY-K+5XzL._SS100_.jpg",
            "https://m.media-amazon.com/images/I/410RYUKkrLL._SS100_.jpg",
            "https://m.media-amazon.com/images/I/413+0DFdoTL._SS100_.jpg",
            "https://m.media-amazon.com/images/I/41DRYgXANKL._SS100_.jpg"
        ]
    },
    {
        "Product Name": "Boldfit Natural Rubber Heavy Resistance Band For Workout Set Exercise&Stretching Pull Up Bands For Home Exercise For Gym Men&Women Resistance Bands Loop Bands Toning Bands Resistance,Yellow (3-7 Kg)",
        "Product Price": "₹154.00",
        "BestSeller Rating": "#8",
        "SaleDiscount": "-78%",
        "ShipFrom": "Amazon",
        "SoldBy": "RetailEZ Pvt Ltd",
        "Rating": "4.1",
        "ProductDescription": "About this item\nHeavy Resistance Bands That Are Easy To Use: Made From 100% Latex Comes In 5 Different Resistance Strength Levels: X-light, Light, Medium, Heavy And X-heavy Boldfit Rubber Bands Are Very Easy To Use beginners To Professionals All Can Use This Heavy Resistance Tube For Workout\nTake Your Workouts To The Next Level: Whether You Are A Beginner Or Expert, Resistance Bands Have A Place In Your Home Gym Exercise Bands Work Your Muscles Like Weights Do You Can Do Multiple Exercise Using This Rubber Band Like Pull Up, Shoulder, Chest, Legs Etc.\nEfficient Workout: Loop Resistance Bands / Fitness Bands Increase The Effectiveness Of Your Exercises Used For A Range Of Workouts, From Glute And Hip Activation This Resistance Tube / Toning Bands / Gym Bands Can Be Used For Stretching, Shoulder, Legs, Chest, Biceps Etc Workout\nMultifunctional: The Stretching Band For Workout / Workout Bands Can Be Used To Exercise All Parts Of Muscles Such As Arms, Chest, Abdomen, Glutes And Legs, Also Good For Physical Therapy, Recovery Or To Increase Mobility. Men Women Boys Girls All Can Use This Loop Band For Home & Gym Workout\nGreat Investment For Your Body: Even Just Spending 15-20 Minutes Per Day With Our Resistance Bands Results In Consistent Progress, This Toning Bands For Doing Multiple Exercise",
        "NumberBought": "4K+",
        "AllAvailableImages": [
            "https://m.media-amazon.com/images/G/31/HomeCustomProduct/imageBlock-360-thumbnail-icon-small._CB610490043_FMpng_RI_.png",
            "https://m.media-amazon.com/images/I/41ikwB55WnL._SS100_.jpg",
            "https://m.media-amazon.com/images/I/61OUDc5IcOL.SS125_PKplay-button-mb-image-grid-small_.jpg",
            "https://m.media-amazon.com/images/I/51jiDqF+JyL._SS100_.jpg",
            "https://m.media-amazon.com/images/I/41BNfFwmhDL._SS100_.jpg",
            "https://m.media-amazon.com/images/I/51ZkviO92zL._SS100_.jpg",
            "https://m.media-amazon.com/images/I/51j5jo+TaIL._SS100_.jpg",
            "https://m.media-amazon.com/images/I/41oTqhx-vtL._SS100_.jpg"
        ]
    },
    {
        "Product Name": "Fitness Mantra® Beanie Cap & Muffler for Men & Women| Beanie Cap| Woolen Topaa| Winter Cap| Head & Neck Warmer| Black Color| 1 Set|",
        "Product Price": "₹150.00",
        "BestSeller Rating": "#9",
        "SaleDiscount": "-70%",
        "ShipFrom": "Amazon",
        "SoldBy": "RetailEZ Pvt Ltd",
        "Rating": "3.9",
        "ProductDescription": "- Crafted from high-quality, cozy wool for excellent insulation\n- Snug fit beanie cap with ear coverage for added warmth and protection\n- Soft wool material is gentle against the skin and prevents heat loss\n- Long muffler can be wrapped multiple times for superior neck warmth\n- Classic design and neutral colors make them versatile accessories for any outfit\n- Perfect for outdoor activities and a great addition to your winter wardrobe\n- Woolen material effectively traps heat, keeping you warm in harsh weather conditions\n- Easy to care for with hand washing and laying flat to dry",
        "NumberBought": "10K+",
        "AllAvailableImages": [
            "https://m.media-amazon.com/images/G/31/HomeCustomProduct/imageBlock-360-thumbnail-icon-small._CB610490043_FMpng_RI_.png",
            "https://m.media-amazon.com/images/I/51iu3cuF7CL._SS100_.jpg",
            "https://m.media-amazon.com/images/I/41F8QAUWfeL._SS100_.jpg",
            "https://m.media-amazon.com/images/I/51kemdk9XyL._SS100_.jpg",
            "https://m.media-amazon.com/images/I/61qw55AcoPL._SS100_.jpg",
            "https://m.media-amazon.com/images/I/61TH6mCUo7L._SS100_.jpg",
            "https://m.media-amazon.com/images/I/51BTNg0ykHL._SS100_.jpg",
            "https://m.media-amazon.com/images/I/41mPN96KDmL._SS100_.jpg"
        ]
    },
    {
        "Product Name": "Nivia Storm Football | Rubberized Moulded | Suitable for Hard Ground Without Grass | Training Ball | Soccer Ball | for Men/Women | Football Size - 5 (White)",
        "Product Price": "₹349.00",
        "BestSeller Rating": "#10",
        "SaleDiscount": "-52%",
        "ShipFrom": "Amazon",
        "SoldBy": "RetailEZ Pvt Ltd",
        "Rating": "3.9",
        "ProductDescription": "About this item\nConstruction : Rubberized Moulded\nSuitable for Hard Ground without Grass, Wet & Grassy Ground & Artificial Turf.\nButyl bladder offers lasting air and shape retention to ensure uniform game\nIdeal for : Training & Recreation use | Material: Rubber",
        "NumberBought": "4K+",
        "AllAvailableImages": [
            "https://m.media-amazon.com/images/G/31/HomeCustomProduct/imageBlock-360-thumbnail-icon-small._CB610490043_FMpng_RI_.png",
            "https://m.media-amazon.com/images/I/413t41aFpJL._SS100_.jpg",
            "https://m.media-amazon.com/images/I/61-BV+8pqlL.SS125_PKplay-button-mb-image-grid-small_.jpg",
            "https://m.media-amazon.com/images/I/51qMOqpgapL._SS100_.jpg",
            "https://m.media-amazon.com/images/I/61netTa-3nL._SS100_.jpg",
            "https://m.media-amazon.com/images/I/51x2N39vEtL._SS100_.jpg",
            "https://m.media-amazon.com/images/I/51NbUuV-vkL._SS100_.jpg",
            "https://m.media-amazon.com/images/I/41xkXlPRxuL._SS100_.jpg"
        ]
    },
    {
        "Product Name": "rts Universal Travel Adapter, International All in One Worldwide Travel Adapter and Wall Charger with USB Ports with Multi Type Power Outlet USB 2.1A,100-250 Voltage Travel Charger (Black)",
        "Product Price": "₹589.00",
        "BestSeller Rating": "#1",
        "SaleDiscount": "-88%",
        "ShipFrom": "Amazon",
        "SoldBy": "Radhe Techno Service",
        "Rating": "4.2",
        "ProductDescription": "About this item\nmodel number - UTA01, UNIVERSAL WORLDWIDE CHARGING - This travel adapter Accepts Plugs from More than 150 Countries with US/EU/UK/AU european Plugs like Thailand, New Zealand, Israel, Italy, Rome, France, Spain, Canada, China, Australia, India, Hong Kong, Argentina, Peru, Korea, Asia, etc\n· SAFETY PROTECTION - this International Travel Power Adapter built-In safety shutters protect users from the direct touch of the live parts on the socket outlet\n· All IN ONE - Detachable charger includes 5 Different Input Plugs Tightly Connect into 1 Adaptor\n· Dual USB ports. Ideal for iPhone, iPad, Samsung Tab, iPod, Smartphones, 5V Tablets, Bluetooth Speakers & Headset etc. · All-in-one Adapter with Fuse protect, Built-in Safety Shutters, LED Power Indicator. · This Charger Adapter Plug Converts the Power Outlet Only, it Does Not Convert Electrical Output Current and Voltage\n· International compact portable travel plug adapter: Multi-travel adapter plug cube, lightweight and compact design, only weight: 0.21Ib, size:3.03 x 1.97 x 1.54inch. All adapter plugs can be retracted and folded at any corner of the bag, saving a lot of space for your luggage.",
        "NumberBought": "5K+",
        "AllAvailableImages": [
            "https://m.media-amazon.com/images/G/31/HomeCustomProduct/imageBlock-360-thumbnail-icon-small._CB610490043_FMpng_RI_.png",
            "https://m.media-amazon.com/images/I/41uGjvXbeBL._SS100_.jpg",
            "https://m.media-amazon.com/images/I/61SHHvS8rEL.SS125_PKplay-button-mb-image-grid-small_.jpg",
            "https://m.media-amazon.com/images/I/41yDrpKeG6L._SS100_.jpg",
            "https://m.media-amazon.com/images/I/41OM180PFeL._SS100_.jpg",
            "https://m.media-amazon.com/images/I/51PYyj-LwqL._SS100_.jpg",
            "https://m.media-amazon.com/images/I/4194KIRWYQL._SS100_.jpg",
            "https://m.media-amazon.com/images/I/51T92GSHVsL._SS100_.jpg"
        ]
    },
    {
        "Product Name": "Spotzero by Milton Prime Stainless Steel Wringer Spin Mop with Big Wheel, Puller Handle, Bucket Floor Cleaning and Mopping System 360° Flexible,2 Microfiber Refills, Big Size, Aqua Green",
        "Product Price": "₹1,398.00",
        "BestSeller Rating": "#6",
        "SaleDiscount": "-53%",
        "ShipFrom": "Amazon",
        "SoldBy": "Clicktech Retail Private Ltd",
        "Rating": "4.2",
        "ProductDescription": "About this item\nPackage Contents: 1- Piece Prime spin mop set comes with 1 steel wringer mop bucket with 2 pcs big wheels; 1 stainless steel mop rod; 2 high quality microfiber mop refill; 1 Liquid Soap Dispenser\nSTURDY MOP WITH STEEL WRINGER FOR FLOOR CLEANING: A perfect blend of style and comfort, this popular cleaning tool comes with stainless steel wringer, big wheels, and a puller handle to help you clean every area in the house effortlessly.\nBIG WHEELS AND PULLER HANDLE: Comes with 2pcs big wheels and puller to easily carry the bucket around the house. Makes home cleaning effortless and easy.\n360-DEGREE ROTATING SPIN MOP HANDLE: Light-weight and adjustable stainless-steel mop handle reaches corner of the house - like under the table, below the bed, very easily.\nWATER OUTLET PLUG: The outlet carries out easy drainage of dirty water from the bucket without using your hands.\nMICROFIBER POWER PERFORMANCE FOR FLOOR CLEANING WITH MAGIC MOP】: Microfiber material with its unique feature of deep cleaning helps lift and trap fine dust / dirt particles. Microfiber mop head is machine-washable and reusable.\nLIQUID DISPENSER: Add cleaning solution to the water through specially designed liquid dispenser and leave your floors spick-and-span with a tinge of fragrance.",
        "NumberBought": "5K+",
        "AllAvailableImages": [
            "https://m.media-amazon.com/images/G/31/HomeCustomProduct/imageBlock-360-thumbnail-icon-small._CB610490043_FMpng_RI_.png",
            "https://m.media-amazon.com/images/I/41jHiC+134L._SS100_.jpg",
            "https://m.media-amazon.com/images/I/418AZd0vt1L.SS125_PKplay-button-mb-image-grid-small_.jpg",
            "https://m.media-amazon.com/images/I/51cA-j-UgcL._SS100_.jpg",
            "https://m.media-amazon.com/images/I/415WWOnygLL._SS100_.jpg",
            "https://m.media-amazon.com/images/I/415hB0+T6QL._SS100_.jpg",
            "https://m.media-amazon.com/images/I/41U3aBDiTaL._SS100_.jpg",
            "https://m.media-amazon.com/images/I/51qquD82SxL._SS100_.jpg"
        ]
    },
    {
        "Product Name": "Scotch-Brite Sponge Wipe Resusable Kitchen Cleaning Sponge- Easy to use, Multi- color & Biodegradable (pack of 3)",
        "Product Price": "₹195.00",
        "BestSeller Rating": "#8",
        "SaleDiscount": "-53%",
        "ShipFrom": "Amazon",
        "SoldBy": "ILT Retail Business",
        "Rating": "4.4",
        "ProductDescription": "About this item\nSingle swipe clean for a mess free kitchen\nThe cellulose based sponge cleans any mess in a single swipe\nAbsorbs water 10 times its own weight\nDoes not leave behind any water marks while swiping\nCompletely lint free and 100% scratch free cleaning",
        "NumberBought": "5K+",
        "AllAvailableImages": [
            "https://m.media-amazon.com/images/G/31/HomeCustomProduct/imageBlock-360-thumbnail-icon-small._CB610490043_FMpng_RI_.png",
            "https://m.media-amazon.com/images/I/51c3SBvGWmL._SS100_.jpg",
            "https://m.media-amazon.com/images/I/31g1HmcYKGL.SS125_PKplay-button-mb-image-grid-small_.jpg",
            "https://m.media-amazon.com/images/I/51Z2XVJzniL._SS100_.jpg",
            "https://m.media-amazon.com/images/I/51Wt99qu4+L._SS100_.jpg",
            "https://m.media-amazon.com/images/I/51yMDNgMLYL._SS100_.jpg",
            "https://m.media-amazon.com/images/I/512Rmwx470L._SS100_.jpg",
            "https://m.media-amazon.com/images/I/41S68EI4BiL._SS100_.jpg"
        ]
    },
    {
        "Product Name": "Konquer TimeS KTS Automatic Wireless Water Can Dispenser Pump for 20 Litre Bottle Can, with Low Noise & High Efficiency",
        "Product Price": "₹389.00",
        "BestSeller Rating": "#9",
        "SaleDiscount": "-61%",
        "ShipFrom": "Amazon",
        "SoldBy": "K. T. S",
        "Rating": "3.9",
        "ProductDescription": "About this item\nCONVENIENCE : No heavy lifting of water cans & hence ideal for women/ senior citizens.\nMultiple Uses】:The drinking water pump is easy to be installed and carried. It is ideal for offices, outdoor, public places, hotels, picnics or camping activities and anywhere. You’ll always have fresh water at your disposal both indoors and outdoors if you use an electric water dispenser.\nINNOVATIVE: waterproof silicon capped button dispenses water in single press\nELEGANCE Food grade silicon tube is developed exclusively for longer usage. DC adapter is safe to use and consumes negligible electricity. The one touch button is also covered with Silicon for your Safety",
        "NumberBought": "5K+",
        "AllAvailableImages": [
            "https://m.media-amazon.com/images/G/31/HomeCustomProduct/imageBlock-360-thumbnail-icon-small._CB610490043_FMpng_RI_.png",
            "https://m.media-amazon.com/images/I/31Ca0+MQ2PL._SS100_.jpg",
            "https://m.media-amazon.com/images/I/51fj2Qf-gUL.SS125_PKplay-button-mb-image-grid-small_.jpg",
            "https://m.media-amazon.com/images/I/41b18jZOj9L._SS100_.jpg",
            "https://m.media-amazon.com/images/I/51YcN4O8YQL._SS100_.jpg",
            "https://m.media-amazon.com/images/I/51jyqVw2PjL._SS100_.jpg",
            "https://m.media-amazon.com/images/I/51A+hbWa4LL._SS100_.jpg",
            "https://m.media-amazon.com/images/I/51v8hQIpWRL._SS100_.jpg"
        ]
    },
    {
        "Product Name": "Acnos 6 Colours Luminous LED Display Fashionable Children Kids Digital Watches Waterproof Sports Square Electronic Led Watch for Kids Boy Baby Girls Digital Watch for Kids",
        "Product Price": "₹280.00",
        "BestSeller Rating": "#5",
        "SaleDiscount": "-81%",
        "ShipFrom": "Amazon",
        "SoldBy": "A SQUARE EMPIRE",
        "Rating": "4.0",
        "ProductDescription": "Description for Official Product of ACNOS Stylish Boy's And Men's Watch with Premium Quality Designer Collection \"ACNOS\" Branded Watch. This Watch Is Especially Designed For All Model Boy's And Men's, Who Desire For A Royal And Luxurious Look, Making It A Party Accessory For You. Product Specifications Condition: A New Brand, Unused, And Item In The Original Packaging Band Material: High Quality PU Band Colour: Multi Colour Band Length:22Cm Band Width: 20Mm Band Clasp Type: Fancy Clasp Case Thickness:8Mm Dial Diameter: 38Mm Dial Colour: Multi Style: Casual | Dress | Fashion | Luxury | Wedding | Sport | Party-Wear Age Group: Teenagers and Youngsters Band Type: PU Brand: \"ACNOS\" Gender: Boy's And Men's Movement: Digital Display: Digital Watch Shape: Square Case Material: PU",
        "NumberBought": "1K+",
        "AllAvailableImages": [
            "https://m.media-amazon.com/images/G/31/HomeCustomProduct/360_icon_73x73v2._CB485971317_SX38_SY50_CR,0,0,38,50_FMpng_RI_.png",
            "https://m.media-amazon.com/images/I/41nCpIE4dQL._SX38_SY50_CR,0,0,38,50_.jpg",
            "https://m.media-amazon.com/images/I/51mIqHY+7uL._SX38_SY50_CR,0,0,38,50_.jpg",
            "https://m.media-amazon.com/images/I/51j7t58krxL._SX38_SY50_CR,0,0,38,50_.jpg",
            "https://m.media-amazon.com/images/I/41iFt+ogo0L._SX38_SY50_CR,0,0,38,50_.jpg",
            "https://m.media-amazon.com/images/I/41Jb15WsbtL._SX38_SY50_CR,0,0,38,50_.jpg",
            "https://m.media-amazon.com/images/I/41yMxHujfTL._SX38_SY50_CR,0,0,38,50_.jpg",
            "https://m.media-amazon.com/images/I/61MPP68tsPL.SX38_SY50_CR,0,0,38,50_PKmb-play-button-overlay-thumb_.jpg"
        ]
    },
    {
        "Product Name": "TIMEWEAR Analog Day Date Functioning Stainless Steel Chain Watch for Men",
        "Product Price": "₹319.00",
        "BestSeller Rating": "#6",
        "SaleDiscount": "-82%",
        "ShipFrom": "Amazon",
        "SoldBy": "TIMEWEAR & BEYOND",
        "Rating": "3.8",
        "ProductDescription": "Stay fashionable with this watch from TIMEWEAR available on Amazon. This Analogue watch has Round Dial. The Silver colored straps in the watch are Stylish",
        "NumberBought": "2K+",
        "AllAvailableImages": [
            "https://m.media-amazon.com/images/G/31/HomeCustomProduct/360_icon_73x73v2._CB485971317_SX38_SY50_CR,0,0,38,50_FMpng_RI_.png",
            "https://m.media-amazon.com/images/I/415wDnu8sCL._SX38_SY50_CR,0,0,38,50_.jpg",
            "https://m.media-amazon.com/images/I/31uohBGdWzL._SX38_SY50_CR,0,0,38,50_.jpg",
            "https://m.media-amazon.com/images/I/41EapRKdAPL._SX38_SY50_CR,0,0,38,50_.jpg",
            "https://m.media-amazon.com/images/I/410eNlz61PL._SX38_SY50_CR,0,0,38,50_.jpg",
            "https://m.media-amazon.com/images/I/41imDVOZPzL._SX38_SY50_CR,0,0,38,50_.jpg",
            "https://m.media-amazon.com/images/I/619nF0jT+AL.SX38_SY50_CR,0,0,38,50_PKmb-play-button-overlay-thumb_.jpg",
            "https://m.media-amazon.com/images/I/51YSVaaihEL.SX38_SY50_CR,0,0,38,50_PKmb-play-button-overlay-thumb_.jpg"
        ]
    },
    {
        "Product Name": "Matrix Antique 2.0 Day & Date Softest Silicone Strap Analog Watch for Men & Boys",
        "Product Price": "₹318.00",
        "BestSeller Rating": "#8",
        "SaleDiscount": "-84%",
        "ShipFrom": "Amazon",
        "SoldBy": "Turrantbuy",
        "Rating": "4.0",
        "ProductDescription": "Matrix Watch",
        "NumberBought": "1K+",
        "AllAvailableImages": [
            "https://m.media-amazon.com/images/G/31/HomeCustomProduct/360_icon_73x73v2._CB485971317_SX38_SY50_CR,0,0,38,50_FMpng_RI_.png",
            "https://m.media-amazon.com/images/I/41mzQ4Bg5hL._SX38_SY50_CR,0,0,38,50_.jpg",
            "https://m.media-amazon.com/images/I/41ogHMZumXL._SX38_SY50_CR,0,0,38,50_.jpg",
            "https://m.media-amazon.com/images/I/51pvtzgu4zL._SX38_SY50_CR,0,0,38,50_.jpg",
            "https://m.media-amazon.com/images/I/416bWvqHILL._SX38_SY50_CR,0,0,38,50_.jpg",
            "https://m.media-amazon.com/images/I/417v6G3SEQL._SX38_SY50_CR,0,0,38,50_.jpg",
            "https://m.media-amazon.com/images/I/41Nn++xnxlL._SX38_SY50_CR,0,0,38,50_.jpg",
            "https://m.media-amazon.com/images/I/71nyA1Qd1VL.SX38_SY50_CR,0,0,38,50_PKmb-play-button-overlay-thumb_.jpg"
        ]
    },
    {
        "Product Name": "Shocknshop Digital Sports Multi Functional Black Dial Watch for Mens Boys -315RED",
        "Product Price": "₹279.00",
        "BestSeller Rating": "#10",
        "SaleDiscount": "-75%",
        "ShipFrom": "Amazon",
        "SoldBy": "Shocknshop",
        "Rating": "3.9",
        "ProductDescription": "N/A",
        "NumberBought": "700+",
        "AllAvailableImages": [
            "https://m.media-amazon.com/images/G/31/HomeCustomProduct/360_icon_73x73v2._CB485971317_SX38_SY50_CR,0,0,38,50_FMpng_RI_.png",
            "https://m.media-amazon.com/images/I/51SjQtMjmnL._SX38_SY50_CR,0,0,38,50_.jpg",
            "https://m.media-amazon.com/images/I/51RMlfJ7umL._SX38_SY50_CR,0,0,38,50_.jpg",
            "https://m.media-amazon.com/images/I/51iql1AazvL._SX38_SY50_CR,0,0,38,50_.jpg",
            "https://m.media-amazon.com/images/I/51ggPAs-sBL._SX38_SY50_CR,0,0,38,50_.jpg",
            "https://m.media-amazon.com/images/I/51erc4fVEiL._SX38_SY50_CR,0,0,38,50_.jpg",
            "https://m.media-amazon.com/images/I/51wY7djaCsL._SX38_SY50_CR,0,0,38,50_.jpg",
            "https://m.media-amazon.com/images/I/61C79iuXEzL.SX38_SY50_CR,0,0,38,50_PKmb-play-button-overlay-thumb_.jpg"
        ]
    },
    {
        "Product Name": "Safari Polypropylene (Pp) Pentagon Hardside Small Size Cabin Luggage Suitcase 4 Spinner Wheels Trolley Bags for Travel Black Color 55 Cm",
        "Product Price": "₹1,999.00",
        "BestSeller Rating": "#1",
        "SaleDiscount": "-74%",
        "ShipFrom": "Amazon",
        "SoldBy": "RetailEZ Pvt Ltd",
        "Rating": "4.2",
        "ProductDescription": "Textured Scratch resistant Polypropylene shell\nThis light weight luggage comes with a Fixed combination Lock and 4 wheels for smooth manoeuvrability\nDimensions - 55X38X23\nMeets most domestic carry-on size requirements\n› See more product details",
        "NumberBought": "1K+",
        "AllAvailableImages": [
            "https://m.media-amazon.com/images/G/31/HomeCustomProduct/360_icon_73x73v2._CB485971317_SS40_FMpng_RI_.png",
            "https://m.media-amazon.com/images/I/31tc+y9Nz5L._SS40_.jpg",
            "https://m.media-amazon.com/images/I/41ePVmSFSnL._SS40_.jpg",
            "https://m.media-amazon.com/images/I/41UNTeacMqL._SS40_.jpg",
            "https://m.media-amazon.com/images/I/410EBXEnqrL._SS40_.jpg",
            "https://m.media-amazon.com/images/I/417t4nPucBL._SS40_.jpg",
            "https://m.media-amazon.com/images/I/41tMfDnlRQL._SS40_.jpg",
            "https://m.media-amazon.com/images/I/51esPWwmzAL._SS40_.jpg"
        ]
    },
    {
        "Product Name": "Boldfit Shoe Bag for Travel & Storage Travel Organizer for Women & Men Travel Accessories Shoe Organizer Shoe Bags Pouches Travel Shoe Cover for Travelling Travel Essentials",
        "Product Price": "₹199.00",
        "BestSeller Rating": "#2",
        "SaleDiscount": "-67%",
        "ShipFrom": "Amazon",
        "SoldBy": "RetailEZ Pvt Ltd",
        "Rating": "4.4",
        "ProductDescription": "DUSTPROOF MATERIAL - These shoe bags pouches travel are odorless, stain resistant, breathable, dust proof, lightweight and easy to use. Keep your shoes well organized and dust free in the closet.Travel shoe sag has a wide open mouth and tight closure for easy packing.\nFUNCTIONAL & MULTI-FUNCTIONS - Our shoe bags for storage can not only suitable for various daily necessities such as shoes, shirts, but also can be used: sports shoe storage bags, portable dust-proof bags during training, gym shoes bags,space-saving travel bags, packaging bags, performance bags, sports bags, pumps rope Christmas gift bag and other travel accessories.\nBEST TRAVEL SHOE COVER BAGS - These travel shoe carry bags are great for travel and home organization. Protect your shoes against scuffs and scraps when storing in a suitcase or in a cabinet. Our shoe bags for women and men travel helps you pack luggage conveniently and quickly, and also saves more space in your suitcase.\nCONVENIENT SHOE POUCHES FOR STORAGE- Suitable for women's high heels, sandals, slippers, and children's. These shoe bags match the storage of different shoe types, which is convenient for your travel to easily carry multiple pairs of shoes.\nUSER FRIENDLY - The bag also can be a nice home organization tool to hold your change of clothes or shoes of the season. You can also use it as packing cubes, toiletry bags, clothes organizers or laundry pouches, just as you like.\n› See more product details",
        "NumberBought": "10K+",
        "AllAvailableImages": [
            "https://m.media-amazon.com/images/G/31/HomeCustomProduct/360_icon_73x73v2._CB485971317_SS40_FMpng_RI_.png",
            "https://m.media-amazon.com/images/I/51je6okhQ3L._SS40_.jpg",
            "https://m.media-amazon.com/images/I/71z3W1nVT0L.SS40_BG85,85,85_BR-120_PKdp-play-icon-overlay__.jpg",
            "https://m.media-amazon.com/images/I/51D4QmGQLaL._SS40_.jpg",
            "https://m.media-amazon.com/images/I/51EIT3QMRjL._SS40_.jpg",
            "https://m.media-amazon.com/images/I/51idm-8RiDL._SS40_.jpg",
            "https://m.media-amazon.com/images/I/51gdkNJriTL._SS40_.jpg",
            "https://m.media-amazon.com/images/I/516icrkJRhL._SS40_.jpg"
        ]
    },
    {
        "Product Name": "Billebon Premium Neck Pillow for Travelling Airplane Travel Pillow Comfortable Head Rest Neck Holder Pillow (Grey)",
        "Product Price": "₹199.00",
        "BestSeller Rating": "#3",
        "SaleDiscount": "-72%",
        "ShipFrom": "Amazon",
        "SoldBy": "RetailEZ Pvt Ltd",
        "Rating": "3.9",
        "ProductDescription": "About this item\nGreat for Traveling - Our neck pillows are great for hikers and travelers. The portable nature of our traveling neck pillows makes them easy to carry in different situations and environments. Whether at the office or camping, we want you to stay comfortable.\nRelieves Stress - When you’re fast asleep on a bus or in a car, chances are, your head will be moving around which can cause a lot of pressure on your neck. Our neck pillow will keep your neck and head in a good position so that pressure can be mitigated.\nFastens Well on Your Neck - When you’re traveling or on bumpy rides, having a neck pillow that can easily fasten to your neck means that it won’t fall off.\nComfortable - Being made with some of the most comfortable materials on the market, our neck pillow will give you the comfort you deserve. We understand that you have to be comfortable if you want to rest and fall asleep.\nSoft Outer Fabric - Enjoy the luxury of our neck pillow's super-soft fabric. Whether napping or working on the go, the cozy feel boosts your comfort and relaxation.\nVersatile Use - Ideal for cars, flights, trains, and even home use to relieve neck pain. A must-have for long trips, providing comfort and convenience throughout your journey.\n› See more product details",
        "NumberBought": "3K+",
        "AllAvailableImages": [
            "https://m.media-amazon.com/images/G/31/HomeCustomProduct/360_icon_73x73v2._CB485971317_SS40_FMpng_RI_.png",
            "https://m.media-amazon.com/images/I/414Ojrsh-LL._SS40_.jpg",
            "https://m.media-amazon.com/images/I/71QnN5X21SL.SS40_BG85,85,85_BR-120_PKdp-play-icon-overlay__.jpg",
            "https://m.media-amazon.com/images/I/51gxy8-O9sL._SS40_.jpg",
            "https://m.media-amazon.com/images/I/51YpynnK6lL._SS40_.jpg",
            "https://m.media-amazon.com/images/I/517+Kwde22L._SS40_.jpg",
            "https://m.media-amazon.com/images/I/51bJaXzOz9L._SS40_.jpg",
            "https://m.media-amazon.com/images/I/41tT9DJWZTL._SS40_.jpg"
        ]
    },
    {
        "Product Name": "WildHorn RFID Protected Leather Wallets for Men I 9 Card Slots I 2 Currency & 2 Secret Compartments I 1 Zipper & 3 Id Card Windows, Green",
        "Product Price": "₹479.00",
        "BestSeller Rating": "#4",
        "SaleDiscount": "-81%",
        "ShipFrom": "Amazon",
        "SoldBy": "WildHorn India",
        "Rating": "4.1",
        "ProductDescription": "About this item\nCompact\nSpacious\nCard Holder\nRFID Protection\n› See more product details",
        "NumberBought": "2K+",
        "AllAvailableImages": [
            "https://m.media-amazon.com/images/G/31/HomeCustomProduct/360_icon_73x73v2._CB485971317_SS40_FMpng_RI_.png",
            "https://m.media-amazon.com/images/I/41hertw6J-L._SS40_.jpg",
            "https://m.media-amazon.com/images/I/512NiudM1IL._SS40_.jpg",
            "https://m.media-amazon.com/images/I/41vplTl3WzL._SS40_.jpg",
            "https://m.media-amazon.com/images/I/31zwAeiRleL._SS40_.jpg",
            "https://m.media-amazon.com/images/I/41ZIkzarybL._SS40_.jpg",
            "https://m.media-amazon.com/images/I/41r2S3S-UiL._SS40_.jpg",
            "https://m.media-amazon.com/images/I/412oQ1vkPLL._SS40_.jpg"
        ]
    },
    {
        "Product Name": "GLUN® Electronic Portable Digital LED Screen Luggage Weighing Scale, 50 kg/110 Lb For Multi-Purpose Use.",
        "Product Price": "₹249.00",
        "BestSeller Rating": "#5",
        "SaleDiscount": "-72%",
        "ShipFrom": "Amazon",
        "SoldBy": "Clicktech Retail Private Ltd",
        "Rating": "4.0",
        "ProductDescription": "About this item\nPortable LCD Electronic Balance digital scale .Small and Light, Making it Convenient to Carry and Use. stores easily in your pocket or tackle box .\n110lb/50kg capacity with 5g or 10g accuracy; LCD screen displays weight in g/kg/lb/oz\nConvenient weighing unit switch, data lock . Over load indication, auto power off after 120 seconds without any operation.Easy to Use.\nBlue LCD back light, easy to read value at day and night\n› See more product details",
        "NumberBought": "7K+",
        "AllAvailableImages": [
            "https://m.media-amazon.com/images/G/31/HomeCustomProduct/360_icon_73x73v2._CB485971317_SX38_SY50_CR,0,0,38,50_FMpng_RI_.png",
            "https://m.media-amazon.com/images/I/31g0gYn8oGL._SX38_SY50_CR,0,0,38,50_.jpg",
            "https://m.media-amazon.com/images/I/71MUjAPugEL._SX35_SY46._CR0,0,35,46_BG85,85,85_BR-120_PKdp-play-icon-overlay__.jpg",
            "https://m.media-amazon.com/images/I/41UyVjaR7DL._SX38_SY50_CR,0,0,38,50_.jpg",
            "https://m.media-amazon.com/images/I/419+9rhQdpL._SX38_SY50_CR,0,0,38,50_.jpg",
            "https://m.media-amazon.com/images/I/51oxbpF+pgL._SX38_SY50_CR,0,0,38,50_.jpg",
            "https://m.media-amazon.com/images/I/41gWCV9XfwL._SX38_SY50_CR,0,0,38,50_.jpg",
            "https://m.media-amazon.com/images/I/419p6y7supL._SX38_SY50_CR,0,0,38,50_.jpg"
        ]
    },
    {
        "Product Name": "URBAN FOREST Oliver Black Leather Wallet for Men, 6 Card Slot",
        "Product Price": "₹449.00",
        "BestSeller Rating": "#6",
        "SaleDiscount": "-78%",
        "ShipFrom": "Amazon",
        "SoldBy": "Alpha Collections",
        "Rating": "4.3",
        "ProductDescription": "About this item\nITEM DIMENSION - 13 X 11 X 2.5 CM\nITEM WEIGHT - 130 GRAM\nRFID PROTECTED - Yes\nCOMPARTMENTS - The wallet has 6 in-build card slots, 2 currency slots & 3 transparent sections\nGIFTS FOR MEN - This Season Bring a smile on his face by Gifting him this absolutely Stylish and Elegant Leather Wallet for Men. It is the perfect gifting solution for Men of all age groups on all occasions,like Diwali Gifts, Birthday Gifts, Puja gifts, Rakhi Gifts , Wedding Gifts , Anniversary gifts etc\n› See more product details",
        "NumberBought": "2K+",
        "AllAvailableImages": [
            "https://m.media-amazon.com/images/G/31/HomeCustomProduct/360_icon_73x73v2._CB485971317_SS40_FMpng_RI_.png",
            "https://m.media-amazon.com/images/I/31F3wWUXapL._SS40_.jpg",
            "https://m.media-amazon.com/images/I/51iCbqZ-KaL._SS40_.jpg",
            "https://m.media-amazon.com/images/I/41MMP5BpekL._SS40_.jpg",
            "https://m.media-amazon.com/images/I/31NY1fGKx1L._SS40_.jpg",
            "https://m.media-amazon.com/images/I/41kqvGVr8GL._SS40_.jpg",
            "https://m.media-amazon.com/images/I/51TBl00VPiL._SS40_.jpg"
        ]
    },
    {
        "Product Name": "WildHorn Men's Leather Black Wallet, Keychain & Pen Combo Gift Set I Gift for Friend, Boyfriend,Husband,Father, Son",
        "Product Price": "₹499.00",
        "BestSeller Rating": "#7",
        "SaleDiscount": "-75%",
        "ShipFrom": "Amazon",
        "SoldBy": "WildHorn India",
        "Rating": "4.1",
        "ProductDescription": "About this item\nThis Wildhorn Combo Gift set comes with an elegant formal belt and a wallet. Made of Exclusive High Quality Genuine Leather, Well Designed By Skilled Handcraft Man, Durable Cloth Lining. This WildHorn Gift set Combo with Wallet & Stylish Slim Pen & Key Ring.\nIdeal for Men & Boys. The wallet is made by 100% genuine leather and with nice looks slim Pen. Made in Real Leather, Suitable for Formals.\nIdeal birthday, Festival Gift and Anniversary Gift. Comes packed in a box\nThis combo set has been made out of Top Grain Leather and its a natural thing where colour variation is never under control. Pure leather belts or wallets get more beautiful on ageing. These are not PU which will contain shine on its surface.\nWe at WildHorn are working hard to make and present the best product made up of Pure Leather. We are looking to have good and genuine feedback that might help others.\n› See more product details",
        "NumberBought": "1K+",
        "AllAvailableImages": [
            "https://m.media-amazon.com/images/G/31/HomeCustomProduct/360_icon_73x73v2._CB485971317_SS40_FMpng_RI_.png",
            "https://m.media-amazon.com/images/I/41tUJc9yXAL._SS40_.jpg",
            "https://m.media-amazon.com/images/I/51KK9BvAcJL._SS40_.jpg",
            "https://m.media-amazon.com/images/I/41IhP+TSSUL._SS40_.jpg",
            "https://m.media-amazon.com/images/I/41qzFA97FOL._SS40_.jpg",
            "https://m.media-amazon.com/images/I/417HwNLKl3L._SS40_.jpg",
            "https://m.media-amazon.com/images/I/31HOq-jxiKL._SS40_.jpg",
            "https://m.media-amazon.com/images/I/51m5L7IXymL._SS40_.jpg"
        ]
    },
    {
        "Product Name": "WildHorn Leather Wallet For Men, Brown",
        "Product Price": "₹298.00",
        "BestSeller Rating": "#8",
        "SaleDiscount": "-80%",
        "ShipFrom": "Amazon",
        "SoldBy": "WildHorn India",
        "Rating": "4.0",
        "ProductDescription": "About this item\nThis compact wallet comes in a convenient dimensions of 11.5 x9.3 x 01(L x W x H) cms which is not at all bulky. The size is just perfect to fit in your pocket with ease or to be kept in your travel bag. It is a perfect combination of size and space with numerous compartments for all your cards , bills, receipts and also a photo of your loved one\nLEATHER: A man's wallet should be contemporary, masculine and durable. Crafted with top grained genuine leather, Tough stitching.Hand Made by professional artisans, beautifully crafted wallet that will only get better with age. This WildHorn wallets looks great, offers a slim, lightweight design, and goes great with jeans or a suit.\nGIFTING HAPPINESS: GIFT BOXED: It will be presented in an appealing gift box, making it as a ideal gift. Gifting is known to be one of the five languages of love. There is no individual in this world who does not feel the love and affection of the sender when they receive a gift.\nPREMIUM FUNCTIONALITY: Men's classic wallet with 8 card slots, 2 hidden card slot, 1 leather framed ID window and 2 Note compartment. Extra capacity leather slim fold wallets and perfect front pocket wallets.Top quality and luxury slim wallets!; SATISFACTION GUARANTEE: We know you'll love our wallet, that's why if you aren't 100% satisfied we will provide you with a repay or a replacement - which ever you prefer. Buy more for your friends and family.\nPocket Description: Coin Pocket\n› See more product details",
        "NumberBought": "3K+",
        "AllAvailableImages": [
            "https://m.media-amazon.com/images/G/31/HomeCustomProduct/360_icon_73x73v2._CB485971317_SS40_FMpng_RI_.png",
            "https://m.media-amazon.com/images/I/31GyhE+W9kL._SS40_.jpg",
            "https://m.media-amazon.com/images/I/41lFYQWnseL.SS40_BG85,85,85_BR-120_PKdp-play-icon-overlay__.jpg",
            "https://m.media-amazon.com/images/I/418ODhbeN0L._SS40_.jpg",
            "https://m.media-amazon.com/images/I/4167tzTsYVL._SS40_.jpg",
            "https://m.media-amazon.com/images/I/31fFrIkZfhL._SS40_.jpg",
            "https://m.media-amazon.com/images/I/51ef0FPWrrL._SS40_.jpg",
            "https://m.media-amazon.com/images/I/51xwLqta07L._SS40_.jpg"
        ]
    },
    {
        "Product Name": "Safari Thorium Neo 8 Wheels 55 Cm Small Cabin Trolley Bag Hard Case Polycarbonate 360 Degree Wheeling System Luggage, Trolley Bags for Travel, Suitcase for Travel, Black",
        "Product Price": "₹2,199.00",
        "BestSeller Rating": "#9",
        "SaleDiscount": "-72%",
        "ShipFrom": "Amazon",
        "SoldBy": "RetailEZ Pvt Ltd",
        "Rating": "4.1",
        "ProductDescription": "Textured Scratch resistant Polycarbonate shell\nThis light weight trolley luggage comes with a Fixed combination Lock, 8 wheels with smooth manoeuvrability, and contrast beading that gives a premium look to the product\nDimensions - 55X40X23\nColor - Black\nMeets most domestic carry-on size requirements\n› See more product details",
        "NumberBought": "1K+",
        "AllAvailableImages": [
            "https://m.media-amazon.com/images/G/31/HomeCustomProduct/360_icon_73x73v2._CB485971317_SS40_FMpng_RI_.png",
            "https://m.media-amazon.com/images/I/31jXMu7pViL._SS40_.jpg",
            "https://m.media-amazon.com/images/I/41iKRpJhWGL._SS40_.jpg",
            "https://m.media-amazon.com/images/I/415LU1irPUL._SS40_.jpg",
            "https://m.media-amazon.com/images/I/41MxVsH+VGL._SS40_.jpg",
            "https://m.media-amazon.com/images/I/51oMKXetjzL._SS40_.jpg",
            "https://m.media-amazon.com/images/I/41y+MFeqTeL._SS40_.jpg",
            "https://m.media-amazon.com/images/I/417MEPWYkPL._SS40_.jpg"
        ]
    },
    {
        "Product Name": "Safari Ray 55cm Small Cabin Trolley Bag Hard Case Polycarbonate 4 Wheels 360 Degree Wheeling System Luggage, Travel Bag, Suitcase for Travel, Trolley Bags for Travel, Gun Metal",
        "Product Price": "₹1,598.00",
        "BestSeller Rating": "#10",
        "SaleDiscount": "-73%",
        "ShipFrom": "Amazon",
        "SoldBy": "Safari Industries India Limited",
        "Rating": "4.2",
        "ProductDescription": "Durable Construction: Crafted from Polycarbonate material, the trolley bag is designed to withstand the rigors of travel. A combination of strength, style and lightweight design, makes this suitcase, the preferred luggage for travel.\nCompact Cabin luggage: With dimensions suited for carry on bags for flights, this suitcase is perfect for quick getaways. Breeze through the airports with ease and say goodbye to baggage fees, because this cabin trolley bag is all you need.\nEffortless Maneuverability: With this 4 wheel trolley bag, you can glide through your travels with ease. Equipped with 360 degree wheeling system, this luggage trolley provides seamless navigation and a stress-free travel experience.\nSecure Locking System: The integrated anti-theft combination lock and sturdy zippers ensure enhanced security for your belongings.\n3 Year Warranty: All our bags are MADE IN INDIA and come with a 3-year International Warranty against manufacturing defects\n› See more product details",
        "NumberBought": "400+",
        "AllAvailableImages": [
            "https://m.media-amazon.com/images/G/31/HomeCustomProduct/360_icon_73x73v2._CB485971317_SS40_FMpng_RI_.png",
            "https://m.media-amazon.com/images/I/31gq8fyCeLL._SS40_.jpg",
            "https://m.media-amazon.com/images/I/8132Er2hdSL.SS40_BG85,85,85_BR-120_PKdp-play-icon-overlay__.jpg",
            "https://m.media-amazon.com/images/I/41UTRWlqpgL._SS40_.jpg",
            "https://m.media-amazon.com/images/I/41jAf-uonLL._SS40_.jpg",
            "https://m.media-amazon.com/images/I/41YwD1Ju1mL._SS40_.jpg",
            "https://m.media-amazon.com/images/I/51rPXtcU3xL._SS40_.jpg",
            "https://m.media-amazon.com/images/I/41A8r9riClL._SS40_.jpg"
        ]
    }
]